iter,games,wins,losses,draws,samples,pi_loss,v_loss,entropy,clip_frac,archetype_loss,eval_win_rate,eval_games
1,2,1,1,0,,,,,,,,
2,2,2,0,0,,,,,,,,
3,2,0,2,0,413,-0.019487,0.066479,0.841366,0.0088,0.000000,,
4,2,0,2,0,,,,,,,,
5,2,2,0,0,,,,,,,,
6,2,0,2,0,340,-0.009669,0.150254,0.881118,0.0000,0.000000,,
7,2,1,1,0,,,,,,,,
8,2,1,1,0,,,,,,,,
9,2,1,1,0,372,-0.011770,0.135364,0.808663,0.0040,0.000000,,
10,2,0,2,0,,,,,,,0.8500,20
11,2,1,1,0,,,,,,,,
12,2,1,1,0,404,-0.008492,0.151076,0.799566,0.0029,0.000000,,
13,2,1,1,0,,,,,,,,
14,2,2,0,0,,,,,,,,
15,2,0,2,0,435,-0.002877,0.087690,0.804479,0.0009,0.000001,,
16,2,0,2,0,,,,,,,,
17,2,2,0,0,,,,,,,,
18,2,2,0,0,401,-0.010498,0.172117,0.775509,0.0000,0.000000,,
19,2,1,1,0,,,,,,,,
20,2,1,1,0,,,,,,,0.9500,20
21,2,0,2,0,347,0.005078,0.097620,0.758903,0.0007,0.000000,,
22,2,1,1,0,,,,,,,,
23,2,1,1,0,,,,,,,,
24,2,1,1,0,384,-0.028164,0.111152,0.809459,0.0000,0.000000,,
25,2,0,2,0,,,,,,,,
26,2,1,1,0,,,,,,,,
27,2,1,1,0,337,0.001286,0.129837,0.802487,0.0054,0.000001,,
28,2,0,2,0,,,,,,,,
29,2,2,0,0,,,,,,,,
30,2,1,1,0,358,-0.019993,0.090409,0.811787,0.0049,0.000000,0.7500,20
31,2,0,2,0,,,,,,,,
32,2,1,1,0,,,,,,,,
33,2,2,0,0,349,-0.024079,0.065097,0.742729,0.0024,0.000000,,
34,2,1,1,0,,,,,,,,
35,2,1,1,0,,,,,,,,
36,2,1,1,0,365,0.016790,0.131721,0.851257,0.0000,0.000000,,
37,2,0,2,0,,,,,,,,
38,2,2,0,0,,,,,,,,
39,2,1,1,0,362,0.002695,0.129012,0.786045,0.0000,0.000000,,
40,2,1,1,0,,,,,,,0.9000,20
41,2,1,1,0,,,,,,,,
42,2,2,0,0,407,0.008940,0.136265,0.754796,0.0029,0.000000,,
43,2,2,0,0,,,,,,,,
44,2,0,2,0,,,,,,,,
45,2,2,0,0,351,0.028604,0.140179,0.713962,0.0000,0.000000,,
46,2,2,0,0,,,,,,,,
47,2,2,0,0,,,,,,,,
48,2,1,1,0,359,0.012137,0.086423,0.657792,0.0055,0.000000,,
49,2,1,1,0,,,,,,,,
50,2,2,0,0,,,,,,,0.9500,20
51,2,0,2,0,352,-0.024732,0.082408,0.769340,0.0000,0.000000,,
52,2,2,0,0,,,,,,,,
53,2,1,1,0,,,,,,,,
54,2,1,1,0,343,-0.035861,0.123627,0.756912,0.0090,0.000000,,
55,2,1,1,0,,,,,,,,
56,2,1,1,0,,,,,,,,
57,2,1,1,0,356,-0.012055,0.079674,0.784921,0.0023,0.000000,,
58,2,1,1,0,,,,,,,,
59,2,1,1,0,,,,,,,,
60,2,1,1,0,416,0.000346,0.136795,0.749596,0.0055,0.000000,0.8000,20
61,2,1,1,0,,,,,,,,
62,2,1,1,0,,,,,,,,
63,2,0,2,0,481,-0.003112,0.088638,0.765752,0.0048,0.000000,,
64,2,1,1,0,,,,,,,,
65,2,1,1,0,,,,,,,,
66,2,1,1,0,428,-0.005939,0.087210,0.796096,0.0016,0.000000,,
67,2,1,1,0,,,,,,,,
68,2,0,2,0,,,,,,,,
69,2,0,2,0,403,0.011252,0.090614,0.723966,0.0011,0.000000,,
70,2,1,1,0,,,,,,,0.9500,20
71,2,0,2,0,,,,,,,,
72,2,2,0,0,362,-0.016449,0.119891,0.813334,0.0057,0.000000,,
73,2,1,1,0,,,,,,,,
74,2,2,0,0,,,,,,,,
75,2,0,2,0,303,0.002575,0.075600,0.813716,0.0000,0.000000,,
76,2,0,2,0,,,,,,,,
77,2,2,0,0,,,,,,,,
78,2,0,2,0,391,-0.002505,0.079210,0.822552,0.0007,0.000000,,
79,2,1,1,0,,,,,,,,
80,2,1,1,0,,,,,,,0.8000,20
81,2,0,2,0,455,-0.006830,0.091665,0.825402,0.0000,0.000000,,
82,2,1,1,0,,,,,,,,
83,2,1,1,0,,,,,,,,
84,2,1,1,0,382,-0.006480,0.060964,0.875754,0.0053,0.000000,,
85,2,2,0,0,,,,,,,,
86,2,0,2,0,,,,,,,,
87,2,0,2,0,251,-0.000353,0.188773,0.809940,0.0000,0.000000,,
88,2,1,1,0,,,,,,,,
89,2,1,1,0,,,,,,,,
90,2,2,0,0,331,-0.049066,0.135216,0.846554,0.0000,0.000000,0.9000,20
91,2,1,1,0,,,,,,,,
92,2,1,1,0,,,,,,,,
93,2,1,1,0,467,-0.003219,0.117414,0.789567,0.0000,0.000000,,
94,2,0,2,0,,,,,,,,
95,2,1,1,0,,,,,,,,
96,2,1,1,0,389,0.013580,0.124913,0.836748,0.0000,0.000001,,
97,2,2,0,0,,,,,,,,
98,2,0,2,0,,,,,,,,
99,2,0,2,0,384,-0.017945,0.092739,0.876414,0.0000,0.000000,,
100,2,2,0,0,,,,,,,0.8000,20
101,2,2,0,0,,,,,,,,
102,2,2,0,0,370,-0.003378,0.089525,0.887137,0.0000,0.000000,,
103,2,1,1,0,,,,,,,,
104,2,1,1,0,,,,,,,,
105,2,1,1,0,301,-0.017587,0.122782,0.885405,0.0000,0.000000,,
106,2,1,1,0,,,,,,,,
107,2,2,0,0,,,,,,,,
108,2,1,1,0,315,-0.014432,0.090447,0.754392,0.0000,0.000000,,
109,2,1,1,0,,,,,,,,
110,2,1,1,0,,,,,,,0.9500,20
111,2,1,1,0,369,-0.011765,0.164653,0.818268,0.0057,0.000000,,
112,2,1,1,0,,,,,,,,
113,2,0,2,0,,,,,,,,
114,2,1,1,0,402,0.002116,0.167949,0.775190,0.0111,0.000000,,
115,2,1,1,0,,,,,,,,
116,2,1,1,0,,,,,,,,
117,2,1,1,0,348,0.004927,0.164460,0.741962,0.0018,0.000000,,
118,2,1,1,0,,,,,,,,
119,2,1,1,0,,,,,,,,
120,2,2,0,0,452,0.001007,0.098234,0.800429,0.0026,0.000001,0.9500,20
121,2,1,1,0,,,,,,,,
122,2,2,0,0,,,,,,,,
123,2,1,1,0,260,0.179343,0.140820,0.827712,0.0000,0.000000,,
124,2,0,2,0,,,,,,,,
125,2,2,0,0,,,,,,,,
126,2,2,0,0,426,-0.019214,0.077061,0.788796,0.0000,0.000000,,
127,2,1,1,0,,,,,,,,
128,2,1,1,0,,,,,,,,
129,2,1,1,0,400,-0.001577,0.086492,0.827773,0.0035,0.000000,,
130,2,1,1,0,,,,,,,0.9000,20
131,2,1,1,0,,,,,,,,
132,2,0,2,0,323,0.028143,0.100420,0.859704,0.0000,0.000000,,
133,2,1,1,0,,,,,,,,
134,2,0,2,0,,,,,,,,
135,2,1,1,0,340,-0.016729,0.104843,0.782366,0.0000,0.000000,,
136,2,1,1,0,,,,,,,,
137,2,0,2,0,,,,,,,,
138,2,1,1,0,325,0.010904,0.132218,0.767670,0.0000,0.000000,,
139,2,0,2,0,,,,,,,,
140,2,1,1,0,,,,,,,0.7500,20
141,2,0,2,0,291,0.064697,0.089885,0.796591,0.0000,0.000000,,
142,2,1,1,0,,,,,,,,
143,2,0,2,0,,,,,,,,
144,2,0,2,0,383,0.019652,0.073283,0.805103,0.0000,0.000000,,
145,2,1,1,0,,,,,,,,
146,2,1,1,0,,,,,,,,
147,2,2,0,0,418,-0.006467,0.155937,0.788614,0.0000,0.000000,,
148,2,1,1,0,,,,,,,,
149,2,1,1,0,,,,,,,,
150,2,2,0,0,374,-0.013906,0.105955,0.791850,0.0000,0.000000,0.9000,20
151,2,1,1,0,,,,,,,,
152,2,0,2,0,,,,,,,,
153,2,0,2,0,379,-0.000611,0.067915,0.834675,0.0014,0.000000,,
154,2,1,1,0,,,,,,,,
155,2,1,1,0,,,,,,,,
156,2,2,0,0,447,0.004268,0.112639,0.837915,0.0000,0.000000,,
157,2,1,1,0,,,,,,,,
158,2,0,2,0,,,,,,,,
159,2,1,1,0,344,0.027201,0.182226,0.719676,0.0000,0.000000,,
160,2,0,2,0,,,,,,,0.7000,20
161,2,1,1,0,,,,,,,,
162,2,1,1,0,289,0.047001,0.122040,0.748478,0.0051,0.000000,,
163,2,0,2,0,,,,,,,,
164,2,2,0,0,,,,,,,,
165,2,0,2,0,327,-0.001359,0.113630,0.878123,0.0023,0.000000,,
166,2,1,1,0,,,,,,,,
167,2,1,1,0,,,,,,,,
168,2,2,0,0,205,-0.001336,0.200297,0.824678,0.0000,0.000000,,
169,2,2,0,0,,,,,,,,
170,2,2,0,0,,,,,,,0.9500,20
171,2,2,0,0,384,0.017973,0.126546,0.779081,0.0000,0.000000,,
172,2,0,2,0,,,,,,,,
173,2,1,1,0,,,,,,,,
174,2,2,0,0,358,-0.012174,0.115339,0.822933,0.0016,0.000000,,
175,2,2,0,0,,,,,,,,
176,2,0,2,0,,,,,,,,
177,2,1,1,0,437,0.003264,0.059519,0.800873,0.0090,0.000000,,
178,2,1,1,0,,,,,,,,
179,2,1,1,0,,,,,,,,
180,2,1,1,0,336,-0.050707,0.094118,0.810097,0.0021,0.000000,0.8500,20
181,2,0,2,0,,,,,,,,
182,2,0,2,0,,,,,,,,
183,2,2,0,0,360,0.013560,0.071949,0.850869,0.0000,0.000003,,
184,2,0,2,0,,,,,,,,
185,2,2,0,0,,,,,,,,
186,2,2,0,0,315,-0.003347,0.182505,0.830191,0.0028,0.000000,,
187,2,0,2,0,,,,,,,,
188,2,2,0,0,,,,,,,,
189,2,0,2,0,319,0.032291,0.171917,0.842074,0.0026,0.000000,,
190,2,1,1,0,,,,,,,0.8500,20
191,2,1,1,0,,,,,,,,
192,2,1,1,0,318,-0.007589,0.142809,0.835178,0.0000,0.000000,,
193,2,1,1,0,,,,,,,,
194,2,0,2,0,,,,,,,,
195,2,1,1,0,421,-0.006637,0.093004,0.803147,0.0000,0.000000,,
196,2,1,1,0,,,,,,,,
197,2,2,0,0,,,,,,,,
198,2,1,1,0,374,0.003390,0.097505,0.883107,0.0041,0.000000,,
199,2,0,2,0,,,,,,,,
200,2,2,0,0,,,,,,,0.7000,20
201,2,2,0,0,396,-0.005395,0.106714,0.807653,0.0054,0.000000,,
202,2,1,1,0,,,,,,,,
203,2,0,2,0,,,,,,,,
204,2,1,1,0,368,-0.008046,0.140632,0.809872,0.0036,0.000000,,
205,2,0,2,0,,,,,,,,
206,2,1,1,0,,,,,,,,
207,2,0,2,0,314,0.016673,0.095371,0.819066,0.0035,0.000000,,
208,2,0,2,0,,,,,,,,
209,2,1,1,0,,,,,,,,
210,2,1,1,0,377,0.004509,0.134361,0.852967,0.0116,0.000000,0.8000,20
211,2,1,1,0,,,,,,,,
212,2,1,1,0,,,,,,,,
213,2,2,0,0,352,-0.012208,0.148668,0.878903,0.0267,0.000001,,
214,2,1,1,0,,,,,,,,
215,2,0,2,0,,,,,,,,
216,2,1,1,0,372,-0.004496,0.103986,0.829059,0.0029,0.000000,,
217,2,1,1,0,,,,,,,,
218,2,1,1,0,,,,,,,,
219,2,1,1,0,376,-0.012044,0.119307,0.861754,0.0028,0.000001,,
220,2,2,0,0,,,,,,,0.9500,20
221,2,1,1,0,,,,,,,,
222,2,1,1,0,336,0.001289,0.108958,0.822385,0.0090,0.000000,,
223,2,0,2,0,,,,,,,,
224,2,2,0,0,,,,,,,,
225,2,1,1,0,383,0.004189,0.093959,0.830405,0.0013,0.000000,,
226,2,2,0,0,,,,,,,,
227,2,2,0,0,,,,,,,,
228,2,1,1,0,323,-0.014857,0.117394,0.861350,0.0069,0.000000,,
229,2,2,0,0,,,,,,,,
230,2,1,1,0,,,,,,,0.7000,20
231,2,1,1,0,411,-0.005094,0.107834,0.830667,0.0013,0.000000,,
232,2,1,1,0,,,,,,,,
233,2,2,0,0,,,,,,,,
234,2,1,1,0,248,-0.001180,0.136110,0.787372,0.0000,0.000000,,
235,2,1,1,0,,,,,,,,
236,2,1,1,0,,,,,,,,
237,2,2,0,0,323,-0.010098,0.083999,0.757370,0.0013,0.000000,,
238,2,0,2,0,,,,,,,,
239,2,2,0,0,,,,,,,,
240,2,1,1,0,333,0.019360,0.155520,0.863415,0.0000,0.000000,0.8000,20
241,2,1,1,0,,,,,,,,
242,2,1,1,0,,,,,,,,
243,2,1,1,0,414,0.004517,0.120590,0.787085,0.0070,0.000000,,
244,2,2,0,0,,,,,,,,
245,2,0,2,0,,,,,,,,
246,2,1,1,0,328,-0.019450,0.194192,0.876465,0.0030,0.000000,,
247,2,1,1,0,,,,,,,,
248,2,2,0,0,,,,,,,,
249,2,2,0,0,406,-0.005599,0.097279,0.835958,0.0000,0.000000,,
250,2,1,1,0,,,,,,,0.8500,20
251,2,2,0,0,,,,,,,,
252,2,1,1,0,308,-0.044491,0.115152,0.789624,0.0000,0.000000,,
253,2,1,1,0,,,,,,,,
254,2,1,1,0,,,,,,,,
255,2,0,2,0,353,0.019439,0.142294,0.808165,0.0000,0.000000,,
256,2,2,0,0,,,,,,,,
257,2,1,1,0,,,,,,,,
258,2,2,0,0,393,-0.000822,0.132945,0.805906,0.0000,0.000001,,
259,2,0,2,0,,,,,,,,
260,2,0,2,0,,,,,,,0.8000,20
261,2,0,2,0,397,0.009384,0.089396,0.832277,0.0000,0.000000,,
262,2,2,0,0,,,,,,,,
263,2,1,1,0,,,,,,,,
264,2,2,0,0,350,0.027407,0.145871,0.860514,0.0000,0.000005,,
265,2,1,1,0,,,,,,,,
266,2,1,1,0,,,,,,,,
267,2,1,1,0,349,0.004759,0.069826,0.770807,0.0007,0.000004,,
268,2,0,2,0,,,,,,,,
269,2,1,1,0,,,,,,,,
270,2,0,2,0,315,-0.007627,0.154184,0.819946,0.0035,0.000000,0.8500,20
271,2,1,1,0,,,,,,,,
272,2,1,1,0,,,,,,,,
273,2,1,1,0,393,-0.002568,0.118693,0.786868,0.0058,0.000000,,
274,2,1,1,0,,,,,,,,
275,2,1,1,0,,,,,,,,
276,2,0,2,0,425,0.004273,0.134278,0.865743,0.0095,0.000000,,
277,2,1,1,0,,,,,,,,
278,2,1,1,0,,,,,,,,
279,2,1,1,0,373,0.017183,0.103575,0.810773,0.0056,0.000000,,
280,2,0,2,0,,,,,,,0.7000,20
281,2,2,0,0,,,,,,,,
282,2,1,1,0,233,-0.001568,0.111067,0.817177,0.0000,0.000000,,
283,2,0,2,0,,,,,,,,
284,2,1,1,0,,,,,,,,
285,2,1,1,0,372,0.001720,0.127991,0.845139,0.0000,0.000000,,
286,2,1,1,0,,,,,,,,
287,2,2,0,0,,,,,,,,
288,2,2,0,0,360,0.010834,0.161778,0.834289,0.0000,0.000000,,
289,2,1,1,0,,,,,,,,
290,2,0,2,0,,,,,,,0.8500,20
291,2,2,0,0,328,0.037104,0.110837,0.926706,0.0000,0.000000,,
292,2,1,1,0,,,,,,,,
293,2,1,1,0,,,,,,,,
294,2,1,1,0,356,-0.003374,0.147895,0.842031,0.0000,0.000000,,
295,2,2,0,0,,,,,,,,
296,2,1,1,0,,,,,,,,
297,2,0,2,0,319,-0.032066,0.147023,0.888837,0.0000,0.000000,,
298,2,1,1,0,,,,,,,,
299,2,1,1,0,,,,,,,,
300,2,2,0,0,345,-0.007752,0.128194,0.860678,0.0081,0.000000,0.8500,20
301,2,1,1,0,,,,,,,,
302,2,2,0,0,,,,,,,,
303,2,2,0,0,287,0.005233,0.100580,0.900611,0.0072,0.000000,,
304,2,1,1,0,,,,,,,,
305,2,2,0,0,,,,,,,,
306,2,1,1,0,352,0.000988,0.093660,0.902310,0.0078,0.000000,,
307,2,1,1,0,,,,,,,,
308,2,0,2,0,,,,,,,,
309,2,2,0,0,290,0.015722,0.148864,0.801555,0.0000,0.000000,,
310,2,0,2,0,,,,,,,0.8500,20
311,2,2,0,0,,,,,,,,
312,2,1,1,0,350,-0.004447,0.084633,0.853649,0.0000,0.000000,,
313,2,1,1,0,,,,,,,,
314,2,1,1,0,,,,,,,,
315,2,1,1,0,296,0.028982,0.090865,0.804024,0.0000,0.000000,,
316,2,1,1,0,,,,,,,,
317,2,2,0,0,,,,,,,,
318,2,1,1,0,325,-0.009909,0.151864,0.888827,0.0024,0.000000,,
319,2,1,1,0,,,,,,,,
320,2,0,2,0,,,,,,,0.9500,20
321,2,1,1,0,342,-0.003944,0.097336,0.903377,0.0019,0.000000,,
322,2,0,2,0,,,,,,,,
323,2,2,0,0,,,,,,,,
324,2,2,0,0,422,0.004820,0.106113,0.892396,0.0053,0.000000,,
325,2,2,0,0,,,,,,,,
326,2,1,1,0,,,,,,,,
327,2,1,1,0,437,-0.008155,0.129215,0.842998,0.0077,0.000000,,
328,2,1,1,0,,,,,,,,
329,2,0,2,0,,,,,,,,
330,2,0,2,0,332,0.008751,0.099873,0.843394,0.0041,0.000000,0.7000,20
331,2,1,1,0,,,,,,,,
332,2,1,1,0,,,,,,,,
333,2,2,0,0,342,0.005788,0.125114,0.837774,0.0032,0.000000,,
334,2,2,0,0,,,,,,,,
335,2,1,1,0,,,,,,,,
336,2,0,2,0,419,-0.000095,0.118647,0.847622,0.0000,0.000000,,
337,2,1,1,0,,,,,,,,
338,2,1,1,0,,,,,,,,
339,2,1,1,0,424,-0.006332,0.078778,0.834251,0.0000,0.000000,,
340,2,1,1,0,,,,,,,0.8000,20
341,2,0,2,0,,,,,,,,
342,2,1,1,0,386,-0.008559,0.150943,0.811266,0.0032,0.000005,,
343,2,0,2,0,,,,,,,,
344,2,1,1,0,,,,,,,,
345,2,1,1,0,391,-0.015235,0.066491,0.837820,0.0025,0.000000,,
346,2,1,1,0,,,,,,,,
347,2,2,0,0,,,,,,,,
348,2,0,2,0,339,-0.011767,0.140568,0.826746,0.0007,0.000000,,
349,2,1,0,1,,,,,,,,
350,2,1,1,0,,,,,,,0.9000,20
351,2,2,0,0,389,0.004315,0.116698,0.908081,0.0032,0.000000,,
352,2,0,2,0,,,,,,,,
353,2,0,2,0,,,,,,,,
354,2,0,2,0,322,-0.049640,0.114739,0.879223,0.0000,0.000000,,
355,2,0,2,0,,,,,,,,
356,2,1,1,0,,,,,,,,
357,2,2,0,0,321,-0.017114,0.120353,0.848696,0.0007,0.000000,,
358,2,1,1,0,,,,,,,,
359,2,1,1,0,,,,,,,,
360,2,1,1,0,464,-0.002753,0.069363,0.957593,0.0000,0.000000,0.9000,20
361,2,0,2,0,,,,,,,,
362,2,1,1,0,,,,,,,,
363,2,2,0,0,425,-0.006731,0.114814,0.942607,0.0000,0.000000,,
364,2,0,2,0,,,,,,,,
365,2,1,1,0,,,,,,,,
366,2,1,1,0,382,-0.008813,0.072574,0.955038,0.0000,0.000000,,
367,2,1,1,0,,,,,,,,
368,2,1,1,0,,,,,,,,
369,2,2,0,0,408,-0.003385,0.135912,0.877729,0.0033,0.000000,,
370,2,2,0,0,,,,,,,0.8000,20
371,2,1,1,0,,,,,,,,
372,2,0,2,0,274,-0.038208,0.121553,0.874007,0.0000,0.000000,,
373,2,1,1,0,,,,,,,,
374,2,1,1,0,,,,,,,,
375,2,1,1,0,443,-0.004082,0.099621,0.823581,0.0000,0.000000,,
376,2,1,1,0,,,,,,,,
377,2,0,2,0,,,,,,,,
378,2,1,1,0,316,0.033680,0.117041,0.760110,0.0007,0.000000,,
379,2,2,0,0,,,,,,,,
380,2,1,1,0,,,,,,,0.9000,20
381,2,0,2,0,224,0.000576,0.175510,0.809520,0.0000,0.000000,,
382,2,2,0,0,,,,,,,,
383,2,0,2,0,,,,,,,,
384,2,2,0,0,392,-0.009105,0.129969,0.738347,0.0012,0.000000,,
385,2,1,1,0,,,,,,,,
386,2,2,0,0,,,,,,,,
387,2,2,0,0,333,-0.010195,0.112208,0.798008,0.0000,0.000000,,
388,2,1,1,0,,,,,,,,
389,2,1,1,0,,,,,,,,
390,2,2,0,0,389,-0.006833,0.086581,0.788604,0.0007,0.000000,0.9000,20
391,2,1,1,0,,,,,,,,
392,2,2,0,0,,,,,,,,
393,2,2,0,0,357,0.007330,0.044846,0.815231,0.0053,0.000000,,
394,2,1,1,0,,,,,,,,
395,2,2,0,0,,,,,,,,
396,2,0,2,0,343,-0.029021,0.079662,0.730559,0.0051,0.000000,,
397,2,1,1,0,,,,,,,,
398,2,1,1,0,,,,,,,,
399,2,2,0,0,354,-0.001850,0.133353,0.689897,0.0054,0.000000,,
400,2,2,0,0,,,,,,,0.9000,20
401,2,2,0,0,,,,,,,,
402,2,0,2,0,244,-0.000786,0.148440,0.725290,0.0014,0.000000,,
403,2,1,1,0,,,,,,,,
404,2,2,0,0,,,,,,,,
405,2,1,1,0,323,-0.010035,0.065273,0.763624,0.0013,0.000000,,
406,2,1,1,0,,,,,,,,
407,2,2,0,0,,,,,,,,
408,2,2,0,0,307,-0.002296,0.092562,0.711920,0.0091,0.000000,,
409,2,0,2,0,,,,,,,,
410,2,1,1,0,,,,,,,0.9000,20
411,2,0,2,0,397,0.009132,0.160447,0.709506,0.0012,0.000000,,
412,2,1,1,0,,,,,,,,
413,2,0,2,0,,,,,,,,
414,2,2,0,0,293,-0.002791,0.130237,0.704798,0.0013,0.000000,,
415,2,0,2,0,,,,,,,,
416,2,0,2,0,,,,,,,,
417,2,2,0,0,354,-0.021781,0.112422,0.690654,0.0017,0.000000,,
418,2,1,1,0,,,,,,,,
419,2,2,0,0,,,,,,,,
420,2,2,0,0,336,-0.027926,0.119692,0.762026,0.0089,0.000000,0.9000,20
421,2,1,1,0,,,,,,,,
422,2,1,1,0,,,,,,,,
423,2,1,1,0,333,-0.007569,0.131345,0.741024,0.0000,0.000000,,
424,2,1,1,0,,,,,,,,
425,2,1,1,0,,,,,,,,
426,2,1,1,0,338,0.000247,0.107922,0.707651,0.0067,0.000000,,
427,2,1,1,0,,,,,,,,
428,2,2,0,0,,,,,,,,
429,2,0,2,0,380,-0.015569,0.136949,0.673010,0.0040,0.000000,,
430,2,1,1,0,,,,,,,0.8000,20
431,2,2,0,0,,,,,,,,
432,2,1,1,0,375,-0.007437,0.073603,0.690800,0.0048,0.000000,,
433,2,1,1,0,,,,,,,,
434,2,0,2,0,,,,,,,,
435,2,1,1,0,244,-0.001609,0.139657,0.708995,0.0000,0.000000,,
436,2,2,0,0,,,,,,,,
437,2,1,1,0,,,,,,,,
438,2,2,0,0,342,0.000822,0.054174,0.696765,0.0039,0.000000,,
439,2,2,0,0,,,,,,,,
440,2,1,1,0,,,,,,,0.9500,20
441,2,1,1,0,338,-0.030086,0.106846,0.674253,0.0041,0.000000,,
442,2,1,1,0,,,,,,,,
443,2,2,0,0,,,,,,,,
444,2,1,1,0,334,0.017228,0.103347,0.723995,0.0007,0.000000,,
445,2,1,1,0,,,,,,,,
446,2,1,1,0,,,,,,,,
447,2,1,1,0,378,-0.010425,0.067267,0.684929,0.0047,0.000000,,
448,2,1,1,0,,,,,,,,
449,2,1,1,0,,,,,,,,
450,2,0,2,0,339,0.014222,0.081931,0.666649,0.0007,0.000000,0.9500,20
451,2,2,0,0,,,,,,,,
452,2,1,1,0,,,,,,,,
453,2,1,1,0,356,0.008649,0.134699,0.752475,0.0007,0.000000,,
454,2,1,1,0,,,,,,,,
455,2,0,2,0,,,,,,,,
456,2,2,0,0,331,0.005773,0.130005,0.655219,0.0000,0.000000,,
457,2,1,1,0,,,,,,,,
458,2,1,1,0,,,,,,,,
459,2,1,1,0,224,-0.000806,0.151328,0.708133,0.0000,0.000000,,
460,2,1,1,0,,,,,,,0.6000,20
461,2,0,2,0,,,,,,,,
462,2,1,1,0,428,0.001509,0.187362,0.779498,0.0010,0.000000,,
463,2,1,1,0,,,,,,,,
464,2,1,1,0,,,,,,,,
465,2,2,0,0,349,0.005695,0.128398,0.697686,0.0018,0.000000,,
466,2,0,2,0,,,,,,,,
467,2,0,2,0,,,,,,,,
468,2,1,1,0,317,-0.006552,0.158347,0.735774,0.0000,0.000000,,
469,2,1,1,0,,,,,,,,
470,2,1,1,0,,,,,,,0.7500,20
471,2,1,1,0,387,-0.000739,0.108835,0.700067,0.0000,0.000000,,
472,2,2,0,0,,,,,,,,
473,2,2,0,0,,,,,,,,
474,2,1,1,0,366,0.009273,0.116995,0.700501,0.0028,0.000000,,
475,2,1,1,0,,,,,,,,
476,2,1,1,0,,,,,,,,
477,2,2,0,0,265,0.033886,0.150413,0.883497,0.0198,0.000000,,
478,2,1,1,0,,,,,,,,
479,2,2,0,0,,,,,,,,
480,2,0,2,0,430,-0.001564,0.110302,0.751871,0.0038,0.000000,0.8000,20
481,2,1,1,0,,,,,,,,
482,2,2,0,0,,,,,,,,
483,2,1,1,0,385,-0.008142,0.120131,0.654202,0.0026,0.000000,,
484,2,0,2,0,,,,,,,,
485,2,0,2,0,,,,,,,,
486,2,0,2,0,438,0.000358,0.117883,0.751230,0.0009,0.000000,,
487,2,2,0,0,,,,,,,,
488,2,1,1,0,,,,,,,,
489,2,0,2,0,379,-0.022819,0.085672,0.718447,0.0000,0.000000,,
490,2,0,2,0,,,,,,,0.9000,20
491,2,0,2,0,,,,,,,,
492,2,1,1,0,328,-0.023062,0.067848,0.748610,0.0000,0.000000,,
493,2,1,1,0,,,,,,,,
494,2,0,2,0,,,,,,,,
495,2,0,2,0,267,-0.117580,0.079520,0.720708,0.0000,0.000000,,
496,2,1,1,0,,,,,,,,
497,2,1,1,0,,,,,,,,
498,2,0,2,0,372,0.008336,0.060066,0.722471,0.0000,0.000000,,
499,2,1,1,0,,,,,,,,
500,2,1,1,0,,,,,,,0.8500,20
501,2,0,2,0,273,0.082820,0.135311,0.712507,0.0007,0.000000,,
502,2,1,1,0,,,,,,,,
503,2,1,1,0,,,,,,,,
504,2,1,1,0,446,-0.008269,0.186862,0.686571,0.0007,0.000000,,
505,2,2,0,0,,,,,,,,
506,2,1,1,0,,,,,,,,
507,2,2,0,0,357,0.031979,0.106218,0.738378,0.0030,0.000000,,
508,2,0,2,0,,,,,,,,
509,2,2,0,0,,,,,,,,
510,2,1,1,0,397,0.017130,0.085784,0.755635,0.0007,0.000000,0.8500,20
511,2,1,1,0,,,,,,,,
512,2,1,1,0,,,,,,,,
513,2,2,0,0,298,-0.006958,0.073219,0.837196,0.0000,0.000000,,
514,2,2,0,0,,,,,,,,
515,2,1,1,0,,,,,,,,
516,2,0,2,0,333,0.005384,0.108622,0.689061,0.0039,0.000000,,
517,2,1,1,0,,,,,,,,
518,2,1,1,0,,,,,,,,
519,2,1,1,0,396,0.013755,0.145616,0.690002,0.0109,0.000000,,
520,2,2,0,0,,,,,,,0.8500,20
521,2,1,1,0,,,,,,,,
522,2,1,1,0,383,-0.007926,0.165523,0.693506,0.0013,0.000000,,
523,2,1,1,0,,,,,,,,
524,2,0,2,0,,,,,,,,
525,2,1,1,0,288,-0.035708,0.151597,0.710684,0.0052,0.000000,,
526,2,2,0,0,,,,,,,,
527,2,1,1,0,,,,,,,,
528,2,1,1,0,366,-0.000712,0.115987,0.735852,0.0000,0.000000,,
529,2,1,1,0,,,,,,,,
530,2,0,2,0,,,,,,,0.8000,20
531,2,1,1,0,362,0.003250,0.118176,0.745106,0.0063,0.000000,,
532,2,0,2,0,,,,,,,,
533,2,0,2,0,,,,,,,,
534,2,0,2,0,347,0.002801,0.059747,0.751017,0.0018,0.000000,,
535,2,2,0,0,,,,,,,,
536,2,0,2,0,,,,,,,,
537,2,0,2,0,302,0.028969,0.119000,0.806434,0.0000,0.000000,,
538,2,2,0,0,,,,,,,,
539,2,0,2,0,,,,,,,,
540,2,1,1,0,355,-0.003681,0.115094,0.767739,0.0066,0.000000,0.7500,20
541,2,1,1,0,,,,,,,,
542,2,1,1,0,,,,,,,,
543,2,1,1,0,235,-0.002809,0.201591,0.852473,0.0028,0.000000,,
544,2,1,1,0,,,,,,,,
545,2,1,1,0,,,,,,,,
546,2,1,1,0,398,-0.002385,0.092265,0.786510,0.0134,0.000000,,
547,2,2,0,0,,,,,,,,
548,2,2,0,0,,,,,,,,
549,2,1,1,0,376,-0.019089,0.107809,0.866647,0.0069,0.000000,,
550,2,1,1,0,,,,,,,0.8500,20
551,2,1,1,0,,,,,,,,
552,2,0,2,0,307,0.047578,0.118052,0.839792,0.0000,0.000000,,
553,2,0,2,0,,,,,,,,
554,2,0,2,0,,,,,,,,
555,2,2,0,0,344,0.002898,0.085209,0.819051,0.0019,0.000000,,
556,2,1,1,0,,,,,,,,
557,2,1,1,0,,,,,,,,
558,2,1,1,0,373,0.007377,0.156043,0.838852,0.0090,0.000000,,
559,2,0,2,0,,,,,,,,
560,2,1,1,0,,,,,,,0.8500,20
561,2,1,1,0,350,-0.016891,0.076051,0.825928,0.0024,0.000000,,
562,2,1,1,0,,,,,,,,
563,2,2,0,0,,,,,,,,
564,2,0,2,0,387,-0.002775,0.109312,0.806188,0.0083,0.000000,,
565,2,1,1,0,,,,,,,,
566,2,0,2,0,,,,,,,,
567,2,2,0,0,285,-0.015346,0.119023,0.836773,0.0020,0.000000,,
568,2,1,1,0,,,,,,,,
569,2,0,2,0,,,,,,,,
570,2,0,2,0,325,-0.026281,0.124062,0.774114,0.0000,0.000000,0.9000,20
571,2,0,2,0,,,,,,,,
572,2,1,1,0,,,,,,,,
573,2,1,1,0,392,-0.005315,0.072296,0.830713,0.0012,0.000000,,
574,2,1,1,0,,,,,,,,
575,2,1,1,0,,,,,,,,
576,2,1,1,0,324,-0.008070,0.161843,0.791368,0.0025,0.000000,,
577,2,1,1,0,,,,,,,,
578,2,0,2,0,,,,,,,,
579,2,1,1,0,428,-0.000716,0.130989,0.809657,0.0019,0.000000,,
580,2,1,1,0,,,,,,,0.7500,20
581,2,0,2,0,,,,,,,,
582,2,2,0,0,351,-0.007478,0.112937,0.773711,0.0007,0.000000,,
583,2,1,1,0,,,,,,,,
584,2,1,1,0,,,,,,,,
585,2,2,0,0,361,-0.009764,0.091110,0.791552,0.0016,0.000000,,
586,2,0,2,0,,,,,,,,
587,2,1,1,0,,,,,,,,
588,2,0,2,0,300,-0.010363,0.075636,0.825345,0.0000,0.000000,,
589,2,2,0,0,,,,,,,,
590,2,2,0,0,,,,,,,0.9000,20
591,2,2,0,0,289,0.037653,0.079328,0.935201,0.0000,0.000000,,
592,2,2,0,0,,,,,,,,
593,2,1,1,0,,,,,,,,
594,2,2,0,0,393,-0.003831,0.106839,0.793057,0.0124,0.000000,,
595,2,0,2,0,,,,,,,,
596,2,0,2,0,,,,,,,,
597,2,1,1,0,364,-0.005534,0.117279,0.761559,0.0000,0.000000,,
598,2,1,1,0,,,,,,,,
599,2,2,0,0,,,,,,,,
600,2,0,2,0,359,-0.006994,0.134934,0.763172,0.0016,0.000000,0.8000,20
601,2,2,0,0,,,,,,,,
602,2,0,2,0,,,,,,,,
603,2,1,1,0,411,-0.006801,0.062635,0.792801,0.0000,0.000000,,
604,2,2,0,0,,,,,,,,
605,2,0,2,0,,,,,,,,
606,2,1,1,0,348,0.001018,0.058924,0.755364,0.0007,0.000000,,
607,2,0,2,0,,,,,,,,
608,2,1,1,0,,,,,,,,
609,2,0,2,0,427,-0.003046,0.120709,0.814560,0.0049,0.000000,,
610,2,1,1,0,,,,,,,0.8500,20
611,2,0,2,0,,,,,,,,
612,2,2,0,0,305,0.014399,0.168192,0.729078,0.0034,0.000000,,
613,2,1,1,0,,,,,,,,
614,2,1,1,0,,,,,,,,
615,2,0,2,0,385,-0.005862,0.119853,0.779813,0.0007,0.000000,,
616,2,2,0,0,,,,,,,,
617,2,2,0,0,,,,,,,,
618,2,0,2,0,397,-0.011669,0.123614,0.775764,0.0012,0.000000,,
619,2,2,0,0,,,,,,,,
620,2,0,2,0,,,,,,,0.8500,20
621,2,1,1,0,341,-0.012679,0.089287,0.773831,0.0026,0.000000,,
622,2,1,1,0,,,,,,,,
623,2,2,0,0,,,,,,,,
624,2,0,2,0,438,-0.005469,0.091870,0.754482,0.0046,0.000001,,
625,2,1,1,0,,,,,,,,
626,2,1,1,0,,,,,,,,
627,2,2,0,0,466,-0.002973,0.079492,0.807270,0.0008,0.000000,,
628,2,1,1,0,,,,,,,,
629,2,2,0,0,,,,,,,,
630,2,1,1,0,470,-0.004341,0.085607,0.818098,0.0061,0.000000,0.8500,20
631,2,0,2,0,,,,,,,,
632,2,2,0,0,,,,,,,,
633,2,0,2,0,418,-0.000465,0.106048,0.743711,0.0023,0.000000,,
634,2,1,1,0,,,,,,,,
635,2,1,1,0,,,,,,,,
636,2,0,2,0,335,0.023880,0.079028,0.719541,0.0007,0.000000,,
637,2,0,2,0,,,,,,,,
638,2,1,1,0,,,,,,,,
639,2,2,0,0,361,0.020556,0.107486,0.732143,0.0007,0.000000,,
640,2,0,2,0,,,,,,,0.8000,20
641,2,2,0,0,,,,,,,,
642,2,2,0,0,425,0.002640,0.087614,0.760148,0.0000,0.000000,,
643,2,1,1,0,,,,,,,,
644,2,2,0,0,,,,,,,,
645,2,1,1,0,360,-0.019980,0.068457,0.713364,0.0068,0.000000,,
646,2,2,0,0,,,,,,,,
647,2,2,0,0,,,,,,,,
648,2,0,2,0,393,-0.005632,0.065490,0.716093,0.0019,0.000000,,
649,2,2,0,0,,,,,,,,
650,2,1,1,0,,,,,,,0.9000,20
651,2,2,0,0,390,-0.005630,0.066242,0.687091,0.0012,0.000000,,
652,2,1,1,0,,,,,,,,
653,2,2,0,0,,,,,,,,
654,2,0,2,0,373,-0.010669,0.140485,0.675511,0.0000,0.000000,,
655,2,2,0,0,,,,,,,,
656,2,2,0,0,,,,,,,,
657,2,1,1,0,407,-0.003366,0.046689,0.718617,0.0000,0.000000,,
658,2,1,1,0,,,,,,,,
659,2,1,1,0,,,,,,,,
660,2,1,1,0,371,-0.002816,0.147761,0.732074,0.0000,0.000000,0.9500,20
661,2,2,0,0,,,,,,,,
662,2,1,1,0,,,,,,,,
663,2,0,2,0,338,-0.011572,0.100664,0.686654,0.0007,0.000000,,
664,2,2,0,0,,,,,,,,
665,2,1,1,0,,,,,,,,
666,2,0,2,0,349,0.003468,0.073222,0.646529,0.0018,0.000000,,
667,2,1,1,0,,,,,,,,
668,2,2,0,0,,,,,,,,
669,2,2,0,0,329,-0.034565,0.086012,0.693542,0.0150,0.000000,,
670,2,2,0,0,,,,,,,0.8000,20
671,2,1,1,0,,,,,,,,
672,2,1,1,0,332,-0.013976,0.116567,0.723431,0.0142,0.000000,,
673,2,2,0,0,,,,,,,,
674,2,2,0,0,,,,,,,,
675,2,0,2,0,343,0.007612,0.061652,0.698194,0.0007,0.000000,,
676,2,2,0,0,,,,,,,,
677,2,0,2,0,,,,,,,,
678,2,2,0,0,369,-0.014087,0.119905,0.722686,0.0036,0.000000,,
679,2,1,1,0,,,,,,,,
680,2,1,1,0,,,,,,,0.9500,20
681,2,2,0,0,420,-0.005544,0.148674,0.700427,0.0000,0.000000,,
682,2,0,2,0,,,,,,,,
683,2,1,1,0,,,,,,,,
684,2,2,0,0,413,0.002189,0.096204,0.695617,0.0051,0.000000,,
685,2,2,0,0,,,,,,,,
686,2,2,0,0,,,,,,,,
687,2,1,1,0,423,0.005239,0.105847,0.723894,0.0033,0.000000,,
688,2,2,0,0,,,,,,,,
689,2,2,0,0,,,,,,,,
690,2,0,2,0,348,-0.007767,0.059905,0.731866,0.0000,0.000000,0.7000,20
691,2,1,1,0,,,,,,,,
692,2,2,0,0,,,,,,,,
693,2,0,2,0,360,0.009541,0.155508,0.704702,0.0013,0.000000,,
694,2,1,1,0,,,,,,,,
695,2,2,0,0,,,,,,,,
696,2,1,1,0,373,-0.026438,0.122737,0.701568,0.0013,0.000000,,
697,2,1,1,0,,,,,,,,
698,2,1,1,0,,,,,,,,
699,2,2,0,0,405,-0.004304,0.099946,0.725425,0.0000,0.000001,,
700,2,1,1,0,,,,,,,0.9000,20
701,2,2,0,0,,,,,,,,
702,2,1,1,0,442,-0.008648,0.077430,0.719430,0.0024,0.000000,,
703,2,1,1,0,,,,,,,,
704,2,0,2,0,,,,,,,,
705,2,2,0,0,397,-0.011243,0.094341,0.724918,0.0035,0.000000,,
706,2,0,2,0,,,,,,,,
707,2,1,1,0,,,,,,,,
708,2,1,1,0,344,-0.013690,0.090890,0.745842,0.0025,0.000000,,
709,2,1,1,0,,,,,,,,
710,2,1,1,0,,,,,,,0.7500,20
711,2,2,0,0,388,-0.014758,0.118708,0.772201,0.0007,0.000000,,
712,2,2,0,0,,,,,,,,
713,2,1,1,0,,,,,,,,
714,2,2,0,0,415,-0.006357,0.098913,0.761077,0.0010,0.000000,,
715,2,1,1,0,,,,,,,,
716,2,1,1,0,,,,,,,,
717,2,1,1,0,399,-0.014453,0.087226,0.727970,0.0012,0.000000,,
718,2,1,1,0,,,,,,,,
719,2,1,1,0,,,,,,,,
720,2,1,1,0,399,-0.009565,0.090898,0.784112,0.0066,0.000002,0.8500,20
721,2,0,2,0,,,,,,,,
722,2,2,0,0,,,,,,,,
723,2,0,2,0,440,-0.006816,0.103945,0.721453,0.0080,0.000001,,
724,2,0,2,0,,,,,,,,
725,2,1,1,0,,,,,,,,
726,2,1,1,0,404,-0.011156,0.077280,0.757754,0.0000,0.000000,,
727,2,2,0,0,,,,,,,,
728,2,2,0,0,,,,,,,,
729,2,1,1,0,359,0.012821,0.071808,0.740288,0.0029,0.000000,,
730,2,2,0,0,,,,,,,0.9500,20
731,2,1,1,0,,,,,,,,
732,2,2,0,0,362,0.008187,0.062315,0.761518,0.0029,0.000000,,
733,2,1,1,0,,,,,,,,
734,2,1,1,0,,,,,,,,
735,2,0,2,0,412,-0.009419,0.071877,0.747267,0.0007,0.000000,,
736,2,0,2,0,,,,,,,,
737,2,1,1,0,,,,,,,,
738,2,2,0,0,384,0.005105,0.111020,0.757060,0.0026,0.000000,,
739,2,1,1,0,,,,,,,,
740,2,1,1,0,,,,,,,0.8500,20
741,2,2,0,0,437,-0.003710,0.100427,0.745824,0.0000,0.000000,,
742,2,2,0,0,,,,,,,,
743,2,1,1,0,,,,,,,,
744,2,2,0,0,373,0.021886,0.084961,0.813429,0.0014,0.000000,,
745,2,2,0,0,,,,,,,,
746,2,0,2,0,,,,,,,,
747,2,1,1,0,332,-0.011653,0.215083,0.730539,0.0022,0.000001,,
748,2,1,1,0,,,,,,,,
749,2,1,1,0,,,,,,,,
750,2,2,0,0,423,-0.005056,0.089306,0.740044,0.0007,0.000000,0.9000,20
751,2,2,0,0,,,,,,,,
752,2,0,2,0,,,,,,,,
753,2,0,2,0,289,-0.020566,0.117142,0.813381,0.0057,0.000001,,
754,2,2,0,0,,,,,,,,
755,2,1,1,0,,,,,,,,
756,2,2,0,0,373,0.007114,0.070875,0.717458,0.0000,0.000002,,
757,2,1,1,0,,,,,,,,
758,2,1,1,0,,,,,,,,
759,2,2,0,0,369,0.008176,0.070794,0.750163,0.0021,0.000000,,
760,2,1,1,0,,,,,,,0.8500,20
761,2,0,2,0,,,,,,,,
762,2,2,0,0,428,0.001679,0.110320,0.771700,0.0007,0.000000,,
763,2,2,0,0,,,,,,,,
764,2,2,0,0,,,,,,,,
765,2,0,2,0,362,0.005977,0.118488,0.774212,0.0071,0.000000,,
766,2,1,1,0,,,,,,,,
767,2,1,1,0,,,,,,,,
768,2,2,0,0,489,-0.000152,0.084915,0.722666,0.0007,0.000000,,
769,2,1,1,0,,,,,,,,
770,2,1,1,0,,,,,,,0.8500,20
771,2,2,0,0,428,-0.001660,0.082119,0.808646,0.0000,0.000000,,
772,2,2,0,0,,,,,,,,
773,2,1,1,0,,,,,,,,
774,2,2,0,0,411,0.012209,0.074796,0.787262,0.0011,0.000000,,
775,2,1,1,0,,,,,,,,
776,2,1,1,0,,,,,,,,
777,2,2,0,0,376,0.010868,0.115635,0.769140,0.0062,0.000000,,
778,2,1,1,0,,,,,,,,
779,2,1,1,0,,,,,,,,
780,2,2,0,0,389,-0.005520,0.128329,0.753538,0.0039,0.000000,0.9500,20
781,2,2,0,0,,,,,,,,
782,2,2,0,0,,,,,,,,
783,2,1,1,0,443,-0.007264,0.058320,0.800951,0.0119,0.000000,,
784,2,1,1,0,,,,,,,,
785,2,2,0,0,,,,,,,,
786,2,1,1,0,259,0.032315,0.100754,0.738943,0.0026,0.000000,,
787,2,0,2,0,,,,,,,,
788,2,0,2,0,,,,,,,,
789,2,2,0,0,366,0.012549,0.113925,0.660917,0.0000,0.000000,,
790,2,0,2,0,,,,,,,0.9500,20
791,2,2,0,0,,,,,,,,
792,2,1,1,0,364,-0.001195,0.101163,0.740332,0.0037,0.000000,,
793,2,1,1,0,,,,,,,,
794,2,1,1,0,,,,,,,,
795,2,2,0,0,398,-0.027697,0.094029,0.735341,0.0012,0.000000,,
796,2,2,0,0,,,,,,,,
797,2,1,1,0,,,,,,,,
798,2,1,1,0,354,0.002793,0.119546,0.800973,0.0007,0.000000,,
799,2,0,2,0,,,,,,,,
800,2,1,1,0,,,,,,,0.8000,20
801,2,2,0,0,354,-0.008908,0.161211,0.817278,0.0000,0.000000,,
802,2,1,1,0,,,,,,,,
803,2,0,2,0,,,,,,,,
804,2,2,0,0,399,-0.001338,0.127149,0.738714,0.0000,0.000000,,
805,2,0,2,0,,,,,,,,
806,2,2,0,0,,,,,,,,
807,2,0,2,0,335,-0.023562,0.101831,0.689482,0.0007,0.000000,,
808,2,1,1,0,,,,,,,,
809,2,2,0,0,,,,,,,,
810,2,0,2,0,298,0.031981,0.112988,0.761773,0.0040,0.000000,0.9500,20
811,2,0,2,0,,,,,,,,
812,2,0,2,0,,,,,,,,
813,2,1,1,0,394,-0.000884,0.079235,0.713554,0.0012,0.000000,,
814,2,1,1,0,,,,,,,,
815,2,0,2,0,,,,,,,,
816,2,2,0,0,434,-0.000588,0.132506,0.794647,0.0000,0.000000,,
817,2,0,2,0,,,,,,,,
818,2,1,1,0,,,,,,,,
819,2,1,1,0,329,0.008626,0.119800,0.799440,0.0029,0.000000,,
820,2,0,2,0,,,,,,,0.9000,20
821,2,1,1,0,,,,,,,,
822,2,1,1,0,453,-0.006781,0.058170,0.797738,0.0057,0.000000,,
823,2,1,1,0,,,,,,,,
824,2,1,1,0,,,,,,,,
825,2,0,2,0,392,-0.004640,0.110944,0.777235,0.0038,0.000000,,
826,2,2,0,0,,,,,,,,
827,2,1,1,0,,,,,,,,
828,2,1,1,0,364,0.003711,0.092514,0.790375,0.0000,0.000000,,
829,2,0,2,0,,,,,,,,
830,2,2,0,0,,,,,,,0.9500,20
831,2,0,2,0,366,0.000124,0.099766,0.808644,0.0028,0.000000,,
832,2,1,1,0,,,,,,,,
833,2,2,0,0,,,,,,,,
834,2,0,2,0,345,-0.000443,0.123210,0.771003,0.0000,0.000000,,
835,2,1,1,0,,,,,,,,
836,2,2,0,0,,,,,,,,
837,2,1,1,0,355,-0.013757,0.100093,0.793540,0.0000,0.000000,,
838,2,1,1,0,,,,,,,,
839,2,1,1,0,,,,,,,,
840,2,2,0,0,367,0.019264,0.141087,0.803526,0.0030,0.000000,0.9500,20
841,2,0,2,0,,,,,,,,
842,2,0,2,0,,,,,,,,
843,2,2,0,0,369,-0.002490,0.097702,0.747296,0.0015,0.000000,,
844,2,0,2,0,,,,,,,,
845,2,1,1,0,,,,,,,,
846,2,1,1,0,416,-0.009003,0.126585,0.807336,0.0010,0.000000,,
847,2,1,1,0,,,,,,,,
848,2,2,0,0,,,,,,,,
849,2,0,2,0,298,0.012872,0.132603,0.763194,0.0079,0.000000,,
850,2,2,0,0,,,,,,,0.8500,20
851,2,0,2,0,,,,,,,,
852,2,1,1,0,361,-0.020986,0.074105,0.782794,0.0000,0.000000,,
853,2,1,1,0,,,,,,,,
854,2,0,2,0,,,,,,,,
855,2,1,1,0,350,0.016442,0.139288,0.708124,0.0031,0.000000,,
856,2,1,1,0,,,,,,,,
857,2,2,0,0,,,,,,,,
858,2,1,1,0,350,0.018547,0.144649,0.716825,0.0037,0.000000,,
859,2,1,1,0,,,,,,,,
860,2,2,0,0,,,,,,,0.9500,20
861,2,1,1,0,382,-0.023738,0.114536,0.754833,0.0000,0.000000,,
862,2,1,1,0,,,,,,,,
863,2,1,1,0,,,,,,,,
864,2,2,0,0,428,0.001183,0.112719,0.784136,0.0007,0.000002,,
865,2,2,0,0,,,,,,,,
866,2,1,1,0,,,,,,,,
867,2,1,1,0,387,-0.013781,0.053527,0.851213,0.0000,0.000000,,
868,2,0,2,0,,,,,,,,
869,2,2,0,0,,,,,,,,
870,2,1,1,0,330,-0.009516,0.089431,0.815775,0.0000,0.000000,0.9500,20
871,2,2,0,0,,,,,,,,
872,2,2,0,0,,,,,,,,
873,2,1,1,0,380,0.026553,0.104961,0.749484,0.0013,0.000000,,
874,2,1,1,0,,,,,,,,
875,2,2,0,0,,,,,,,,
876,2,1,1,0,371,-0.010693,0.091667,0.791429,0.0014,0.000000,,
877,2,1,1,0,,,,,,,,
878,2,1,1,0,,,,,,,,
879,2,0,2,0,346,0.000173,0.099082,0.698738,0.0108,0.000000,,
880,2,1,1,0,,,,,,,0.8000,20
881,2,1,1,0,,,,,,,,
882,2,2,0,0,393,0.002230,0.049491,0.763724,0.0019,0.000000,,
883,2,1,1,0,,,,,,,,
884,2,0,2,0,,,,,,,,
885,2,1,1,0,448,-0.002374,0.089536,0.692518,0.0000,0.000000,,
886,2,0,2,0,,,,,,,,
887,2,2,0,0,,,,,,,,
888,2,2,0,0,436,0.005718,0.128759,0.708231,0.0000,0.000000,,
889,2,1,1,0,,,,,,,,
890,2,1,1,0,,,,,,,0.9500,20
891,2,1,1,0,408,-0.002262,0.127343,0.745073,0.0000,0.000000,,
892,2,1,1,0,,,,,,,,
893,2,1,1,0,,,,,,,,
894,2,2,0,0,451,-0.010322,0.093653,0.736486,0.0034,0.000000,,
895,2,1,1,0,,,,,,,,
896,2,0,2,0,,,,,,,,
897,2,2,0,0,393,0.012879,0.064976,0.775624,0.0012,0.000000,,
898,2,1,1,0,,,,,,,,
899,2,1,1,0,,,,,,,,
900,2,2,0,0,436,-0.004910,0.206602,0.665990,0.0073,0.000000,0.6500,20
901,2,1,1,0,,,,,,,,
902,2,1,1,0,,,,,,,,
903,2,1,1,0,326,0.005839,0.131516,0.742320,0.0056,0.000000,,
904,2,1,1,0,,,,,,,,
905,2,0,2,0,,,,,,,,
906,2,2,0,0,327,-0.023369,0.125284,0.692174,0.0146,0.000000,,
907,2,0,2,0,,,,,,,,
908,2,0,2,0,,,,,,,,
909,2,1,1,0,285,-0.026624,0.084347,0.683708,0.0007,0.000000,,
910,2,1,1,0,,,,,,,1.0000,20
911,2,2,0,0,,,,,,,,
912,2,1,1,0,286,0.055691,0.125609,0.703411,0.0007,0.000000,,
913,2,1,1,0,,,,,,,,
914,2,2,0,0,,,,,,,,
915,2,2,0,0,371,0.009227,0.113410,0.663966,0.0000,0.000000,,
916,2,2,0,0,,,,,,,,
917,2,2,0,0,,,,,,,,
918,2,2,0,0,441,0.002316,0.073780,0.704033,0.0165,0.000000,,
919,2,1,1,0,,,,,,,,
920,2,1,1,0,,,,,,,0.8000,20
921,2,1,1,0,442,-0.001786,0.137273,0.734454,0.0033,0.000000,,
922,2,0,2,0,,,,,,,,
923,2,0,2,0,,,,,,,,
924,2,1,1,0,417,-0.010700,0.110580,0.719413,0.0000,0.000000,,
925,2,1,1,0,,,,,,,,
926,2,0,2,0,,,,,,,,
927,2,1,1,0,326,0.015379,0.072787,0.683444,0.0030,0.000000,,
928,2,1,1,0,,,,,,,,
929,2,0,2,0,,,,,,,,
930,2,2,0,0,402,-0.014326,0.117769,0.693142,0.0000,0.000000,0.9500,20
931,2,1,1,0,,,,,,,,
932,2,1,1,0,,,,,,,,
933,2,1,1,0,353,-0.002699,0.147272,0.755887,0.0041,0.000000,,
934,2,0,2,0,,,,,,,,
935,2,1,1,0,,,,,,,,
936,2,0,2,0,344,0.014222,0.126004,0.722566,0.0108,0.000000,,
937,2,1,1,0,,,,,,,,
938,2,2,0,0,,,,,,,,
939,2,1,1,0,325,-0.016475,0.091547,0.779617,0.0013,0.000000,,
940,2,2,0,0,,,,,,,0.9500,20
941,2,0,2,0,,,,,,,,
942,2,0,2,0,398,0.001977,0.078505,0.733843,0.0000,0.000000,,
943,2,1,1,0,,,,,,,,
944,2,2,0,0,,,,,,,,
945,2,1,1,0,423,0.001653,0.096215,0.696000,0.0016,0.000000,,
946,2,0,2,0,,,,,,,,
947,2,1,1,0,,,,,,,,
948,2,2,0,0,384,-0.022938,0.105102,0.696456,0.0000,0.000000,,
949,2,0,2,0,,,,,,,,
950,2,1,1,0,,,,,,,0.8500,20
951,2,1,1,0,255,-0.001376,0.120624,0.660351,0.0000,0.000000,,
952,2,1,1,0,,,,,,,,
953,2,1,1,0,,,,,,,,
954,2,1,1,0,416,-0.005143,0.105208,0.688466,0.0017,0.000000,,
955,2,0,2,0,,,,,,,,
956,2,1,1,0,,,,,,,,
957,2,1,1,0,447,-0.009565,0.142129,0.700436,0.0024,0.000000,,
958,2,2,0,0,,,,,,,,
959,2,0,2,0,,,,,,,,
960,2,1,1,0,303,-0.073775,0.067481,0.700855,0.0013,0.000000,0.9500,20
961,2,0,2,0,,,,,,,,
962,2,0,2,0,,,,,,,,
963,2,0,2,0,380,-0.015356,0.110164,0.723599,0.0020,0.000000,,
964,2,1,1,0,,,,,,,,
965,2,1,1,0,,,,,,,,
966,2,2,0,0,355,-0.025409,0.102231,0.649828,0.0017,0.000000,,
967,2,1,1,0,,,,,,,,
968,2,1,1,0,,,,,,,,
969,2,0,2,0,318,0.031799,0.125658,0.642407,0.0000,0.000000,,
970,2,1,1,0,,,,,,,0.7500,20
971,2,1,1,0,,,,,,,,
972,2,1,1,0,414,0.005819,0.075937,0.664088,0.0000,0.000000,,
973,2,0,2,0,,,,,,,,
974,2,1,1,0,,,,,,,,
975,2,0,2,0,283,-0.032587,0.078214,0.700020,0.0123,0.000000,,
976,2,1,1,0,,,,,,,,
977,2,1,1,0,,,,,,,,
978,2,1,1,0,379,0.001520,0.135906,0.682512,0.0013,0.000000,,
979,2,1,1,0,,,,,,,,
980,2,1,1,0,,,,,,,0.9000,20
981,2,1,1,0,293,-0.005285,0.139691,0.741624,0.0000,0.000000,,
982,2,1,1,0,,,,,,,,
983,2,0,2,0,,,,,,,,
984,2,0,2,0,319,0.044189,0.070000,0.697659,0.0000,0.000000,,
985,2,2,0,0,,,,,,,,
986,2,0,2,0,,,,,,,,
987,2,1,1,0,480,-0.000488,0.088683,0.674870,0.0015,0.000000,,
988,2,1,1,0,,,,,,,,
989,2,1,1,0,,,,,,,,
990,2,0,2,0,377,0.002689,0.152759,0.686212,0.0020,0.000000,0.7500,20
991,2,1,1,0,,,,,,,,
992,2,1,1,0,,,,,,,,
993,2,0,2,0,416,0.001292,0.088051,0.698165,0.0048,0.000000,,
994,2,2,0,0,,,,,,,,
995,2,1,1,0,,,,,,,,
996,2,1,1,0,360,-0.023408,0.118238,0.692436,0.0020,0.000000,,
997,2,0,2,0,,,,,,,,
998,2,1,1,0,,,,,,,,
999,2,1,1,0,333,-0.045398,0.067674,0.610388,0.0026,0.000000,,
1000,2,1,1,0,,,,,,,0.9500,20
1001,2,2,0,0,,,,,,,,
1002,2,1,1,0,262,-0.255820,0.222581,0.525080,0.0000,0.000000,,
1003,2,1,1,0,,,,,,,,
1004,2,2,0,0,,,,,,,,
1005,2,2,0,0,371,0.011686,0.082260,0.645823,0.0060,0.000000,,
1006,2,0,2,0,,,,,,,,
1007,2,1,1,0,,,,,,,,
1008,2,2,0,0,415,-0.005442,0.067257,0.609459,0.0007,0.000000,,
1009,2,2,0,0,,,,,,,,
1010,2,1,1,0,,,,,,,0.8000,20
1011,2,2,0,0,395,-0.009866,0.052604,0.640376,0.0000,0.000000,,
1012,2,0,2,0,,,,,,,,
1013,2,1,1,0,,,,,,,,
1014,2,1,1,0,417,-0.011461,0.149840,0.631541,0.0030,0.000000,,
1015,2,2,0,0,,,,,,,,
1016,2,2,0,0,,,,,,,,
1017,2,2,0,0,376,-0.005276,0.081243,0.686692,0.0007,0.000000,,
1018,2,2,0,0,,,,,,,,
1019,2,1,1,0,,,,,,,,
1020,2,0,2,0,439,-0.009719,0.118089,0.648589,0.0016,0.000000,0.8500,20
1021,2,1,1,0,,,,,,,,
1022,2,0,2,0,,,,,,,,
1023,2,0,2,0,381,-0.014832,0.148818,0.648787,0.0225,0.000000,,
1024,2,0,2,0,,,,,,,,
1025,2,2,0,0,,,,,,,,
1026,2,1,1,0,448,-0.002496,0.093227,0.614227,0.0076,0.000000,,
1027,2,0,2,0,,,,,,,,
1028,2,1,1,0,,,,,,,,
1029,2,1,1,0,406,0.011591,0.121742,0.652819,0.0011,0.000000,,
1030,2,2,0,0,,,,,,,0.7500,20
1031,2,2,0,0,,,,,,,,
1032,2,1,1,0,343,-0.013738,0.134140,0.607950,0.0129,0.000000,,
1033,2,1,1,0,,,,,,,,
1034,2,0,2,0,,,,,,,,
1035,2,2,0,0,376,-0.003807,0.088595,0.671461,0.0095,0.000000,,
1036,2,1,1,0,,,,,,,,
1037,2,0,2,0,,,,,,,,
1038,2,1,1,0,389,-0.024203,0.069044,0.650303,0.0128,0.000000,,
1039,2,2,0,0,,,,,,,,
1040,2,2,0,0,,,,,,,0.8500,20
1041,2,2,0,0,291,0.009595,0.116667,0.634257,0.0026,0.000000,,
1042,2,1,1,0,,,,,,,,
1043,2,0,2,0,,,,,,,,
1044,2,1,1,0,376,0.000110,0.087427,0.579994,0.0014,0.000000,,
1045,2,2,0,0,,,,,,,,
1046,2,1,1,0,,,,,,,,
1047,2,2,0,0,374,-0.008871,0.090647,0.642412,0.0007,0.000000,,
1048,2,1,1,0,,,,,,,,
1049,2,1,1,0,,,,,,,,
1050,2,0,2,0,382,0.002229,0.179439,0.684677,0.0020,0.000000,0.7500,20
1051,2,1,1,0,,,,,,,,
1052,2,1,1,0,,,,,,,,
1053,2,1,1,0,354,-0.010473,0.124439,0.615282,0.0037,0.000000,,
1054,2,2,0,0,,,,,,,,
1055,2,1,1,0,,,,,,,,
1056,2,2,0,0,272,0.037253,0.149322,0.642603,0.0124,0.000000,,
1057,2,1,1,0,,,,,,,,
1058,2,2,0,0,,,,,,,,
1059,2,2,0,0,367,-0.014815,0.126571,0.584389,0.0056,0.000000,,
1060,2,2,0,0,,,,,,,0.8500,20
1061,2,1,1,0,,,,,,,,
1062,2,0,2,0,369,-0.017573,0.093932,0.617737,0.0044,0.000000,,
1063,2,2,0,0,,,,,,,,
1064,2,1,1,0,,,,,,,,
1065,2,0,2,0,385,0.003468,0.118989,0.652862,0.0032,0.000000,,
1066,2,0,2,0,,,,,,,,
1067,2,0,2,0,,,,,,,,
1068,2,2,0,0,372,-0.021202,0.104637,0.604307,0.0014,0.000000,,
1069,2,1,1,0,,,,,,,,
1070,2,1,1,0,,,,,,,0.8000,20
1071,2,1,1,0,283,0.137105,0.135984,0.604090,0.0000,0.000000,,
1072,2,1,1,0,,,,,,,,
1073,2,1,1,0,,,,,,,,
1074,2,1,1,0,364,-0.032818,0.122479,0.653333,0.0090,0.000000,,
1075,2,1,1,0,,,,,,,,
1076,2,1,1,0,,,,,,,,
1077,2,2,0,0,361,-0.007321,0.154417,0.606161,0.0064,0.000000,,
1078,2,1,1,0,,,,,,,,
1079,2,1,1,0,,,,,,,,
1080,2,1,1,0,402,0.009836,0.108612,0.586872,0.0023,0.000000,0.8000,20
1081,2,1,1,0,,,,,,,,
1082,2,2,0,0,,,,,,,,
1083,2,1,1,0,384,0.002074,0.096262,0.635479,0.0059,0.000000,,
1084,2,2,0,0,,,,,,,,
1085,2,2,0,0,,,,,,,,
1086,2,2,0,0,328,0.019143,0.081508,0.573919,0.0007,0.000000,,
1087,2,2,0,0,,,,,,,,
1088,2,1,1,0,,,,,,,,
1089,2,2,0,0,353,0.000089,0.063432,0.571833,0.0071,0.000000,,
1090,2,2,0,0,,,,,,,0.9500,20
1091,2,1,1,0,,,,,,,,
1092,2,1,1,0,327,0.013348,0.144339,0.560796,0.0030,0.000000,,
1093,2,1,1,0,,,,,,,,
1094,2,1,1,0,,,,,,,,
1095,2,0,2,0,392,-0.018205,0.137726,0.555446,0.0012,0.000000,,
1096,2,0,2,0,,,,,,,,
1097,2,2,0,0,,,,,,,,
1098,2,2,0,0,353,-0.000261,0.131547,0.502532,0.0041,0.000000,,
1099,2,2,0,0,,,,,,,,
1100,2,1,1,0,,,,,,,0.9500,20
1101,2,1,1,0,335,-0.014494,0.094062,0.559555,0.0117,0.000000,,
1102,2,1,1,0,,,,,,,,
1103,2,0,2,0,,,,,,,,
1104,2,0,2,0,391,-0.001433,0.086203,0.647338,0.0062,0.000000,,
1105,2,2,0,0,,,,,,,,
1106,2,1,1,0,,,,,,,,
1107,2,1,1,0,359,0.001306,0.150181,0.577646,0.0007,0.000000,,
1108,2,1,1,0,,,,,,,,
1109,2,2,0,0,,,,,,,,
1110,2,0,2,0,322,0.017215,0.123160,0.586614,0.0077,0.000000,1.0000,20
1111,2,1,1,0,,,,,,,,
1112,2,1,1,0,,,,,,,,
1113,2,2,0,0,335,0.006020,0.110983,0.605995,0.0151,0.000000,,
1114,2,1,1,0,,,,,,,,
1115,2,1,1,0,,,,,,,,
1116,2,1,1,0,405,0.017174,0.118668,0.601044,0.0182,0.000000,,
1117,2,0,2,0,,,,,,,,
1118,2,0,2,0,,,,,,,,
1119,2,0,2,0,343,-0.009690,0.122040,0.579868,0.0013,0.000001,,
1120,2,1,1,0,,,,,,,0.8500,20
1121,2,1,1,0,,,,,,,,
1122,2,2,0,0,354,-0.016787,0.095422,0.615921,0.0041,0.000000,,
1123,2,1,1,0,,,,,,,,
1124,2,1,1,0,,,,,,,,
1125,2,2,0,0,345,-0.013172,0.074394,0.617571,0.0007,0.000000,,
1126,2,1,1,0,,,,,,,,
1127,2,0,2,0,,,,,,,,
1128,2,1,1,0,292,0.001375,0.125124,0.575696,0.0013,0.000000,,
1129,2,1,1,0,,,,,,,,
1130,2,1,1,0,,,,,,,0.8500,20
1131,2,1,1,0,363,0.003440,0.136408,0.582989,0.0022,0.000000,,
1132,2,1,1,0,,,,,,,,
1133,2,1,1,0,,,,,,,,
1134,2,0,2,0,314,-0.002045,0.111818,0.581405,0.0202,0.000000,,
1135,2,2,0,0,,,,,,,,
1136,2,1,1,0,,,,,,,,
1137,2,1,1,0,401,0.000651,0.082934,0.574407,0.0043,0.000000,,
1138,2,1,1,0,,,,,,,,
1139,2,0,2,0,,,,,,,,
1140,2,2,0,0,295,-0.004688,0.115793,0.569334,0.0000,0.000000,0.8000,20
1141,2,1,1,0,,,,,,,,
1142,2,2,0,0,,,,,,,,
1143,2,0,2,0,400,-0.002248,0.067379,0.616421,0.0025,0.000000,,
1144,2,0,2,0,,,,,,,,
1145,2,1,1,0,,,,,,,,
1146,2,2,0,0,335,-0.014219,0.161916,0.593369,0.0020,0.000000,,
1147,2,1,1,0,,,,,,,,
1148,2,0,2,0,,,,,,,,
1149,2,1,1,0,278,-0.071525,0.183805,0.558454,0.0134,0.000000,,
1150,2,1,1,0,,,,,,,0.8500,20
1151,2,0,2,0,,,,,,,,
1152,2,0,2,0,385,-0.007879,0.194600,0.535627,0.0104,0.000000,,
1153,2,1,1,0,,,,,,,,
1154,2,2,0,0,,,,,,,,
1155,2,1,1,0,354,-0.007742,0.125583,0.559405,0.0043,0.000000,,
1156,2,1,1,0,,,,,,,,
1157,2,1,1,0,,,,,,,,
1158,2,1,1,0,357,0.017020,0.080612,0.590850,0.0007,0.000005,,
1159,2,2,0,0,,,,,,,,
1160,2,1,1,0,,,,,,,0.7500,20
1161,2,1,1,0,395,-0.003056,0.116775,0.573610,0.0042,0.000000,,
1162,2,0,2,0,,,,,,,,
1163,2,1,1,0,,,,,,,,
1164,2,2,0,0,346,-0.001203,0.084561,0.561164,0.0037,0.000000,,
1165,2,2,0,0,,,,,,,,
1166,2,1,1,0,,,,,,,,
1167,2,2,0,0,373,0.009850,0.051923,0.581327,0.0021,0.000000,,
1168,2,1,1,0,,,,,,,,
1169,2,1,1,0,,,,,,,,
1170,2,1,1,0,411,-0.002742,0.103270,0.615477,0.0054,0.000000,0.8500,20
1171,2,1,1,0,,,,,,,,
1172,2,1,1,0,,,,,,,,
1173,2,1,1,0,381,0.008902,0.083700,0.517499,0.0000,0.000000,,
1174,2,1,1,0,,,,,,,,
1175,2,1,1,0,,,,,,,,
1176,2,1,1,0,350,0.004825,0.145876,0.548345,0.0018,0.000000,,
1177,2,1,1,0,,,,,,,,
1178,2,1,1,0,,,,,,,,
1179,2,1,1,0,295,0.051469,0.133045,0.588516,0.0007,0.000000,,
1180,2,1,1,0,,,,,,,0.8000,20
1181,2,0,2,0,,,,,,,,
1182,2,1,1,0,387,-0.007507,0.096186,0.602542,0.0019,0.000000,,
1183,2,1,1,0,,,,,,,,
1184,2,1,1,0,,,,,,,,
1185,2,0,2,0,350,0.012472,0.103156,0.563736,0.0018,0.000000,,
1186,2,0,2,0,,,,,,,,
1187,2,0,2,0,,,,,,,,
1188,2,2,0,0,406,-0.008080,0.062561,0.502843,0.0029,0.000000,,
1189,2,1,1,0,,,,,,,,
1190,2,1,1,0,,,,,,,1.0000,20
1191,2,0,2,0,409,-0.005340,0.107230,0.579916,0.0000,0.000000,,
1192,2,2,0,0,,,,,,,,
1193,2,2,0,0,,,,,,,,
1194,2,1,1,0,373,-0.007120,0.112351,0.577611,0.0021,0.000000,,
1195,2,2,0,0,,,,,,,,
1196,2,1,1,0,,,,,,,,
1197,2,0,2,0,376,-0.000886,0.122710,0.622869,0.0048,0.000000,,
1198,2,1,1,0,,,,,,,,
1199,2,2,0,0,,,,,,,,
1200,2,2,0,0,365,-0.011220,0.097571,0.550517,0.0039,0.000000,0.8500,20
1201,2,2,0,0,,,,,,,,
1202,2,1,1,0,,,,,,,,
1203,2,2,0,0,348,-0.017116,0.066020,0.604024,0.0000,0.000000,,
1204,2,1,1,0,,,,,,,,
1205,2,2,0,0,,,,,,,,
1206,2,0,2,0,350,0.008300,0.131896,0.568084,0.0024,0.000000,,
1207,2,0,2,0,,,,,,,,
1208,2,1,1,0,,,,,,,,
1209,2,2,0,0,427,-0.016627,0.075781,0.590156,0.0007,0.000000,,
1210,2,2,0,0,,,,,,,0.8500,20
1211,2,1,1,0,,,,,,,,
1212,2,0,2,0,368,0.031849,0.166397,0.532960,0.0007,0.000000,,
1213,2,0,2,0,,,,,,,,
1214,2,1,1,0,,,,,,,,
1215,2,1,1,0,352,-0.014557,0.089408,0.549284,0.0059,0.000000,,
1216,2,2,0,0,,,,,,,,
1217,2,0,2,0,,,,,,,,
1218,2,2,0,0,396,-0.009563,0.073778,0.529777,0.0012,0.000000,,
1219,2,0,2,0,,,,,,,,
1220,2,0,2,0,,,,,,,0.8000,20
1221,2,2,0,0,218,-0.000807,0.193613,0.542449,0.0000,0.000000,,
1222,2,1,1,0,,,,,,,,
1223,2,2,0,0,,,,,,,,
1224,2,2,0,0,353,-0.009661,0.098556,0.522217,0.0017,0.000000,,
1225,2,1,1,0,,,,,,,,
1226,2,1,1,0,,,,,,,,
1227,2,2,0,0,376,-0.005112,0.107551,0.562835,0.0128,0.000000,,
1228,2,1,1,0,,,,,,,,
1229,2,2,0,0,,,,,,,,
1230,2,1,1,0,410,0.005306,0.127061,0.609230,0.0022,0.000000,0.8500,20
1231,2,1,1,0,,,,,,,,
1232,2,1,1,0,,,,,,,,
1233,2,1,1,0,300,-0.048290,0.144427,0.607125,0.0064,0.000000,,
1234,2,2,0,0,,,,,,,,
1235,2,1,1,0,,,,,,,,
1236,2,1,1,0,384,-0.004774,0.101199,0.516015,0.0046,0.000000,,
1237,2,2,0,0,,,,,,,,
1238,2,2,0,0,,,,,,,,
1239,2,2,0,0,386,-0.026088,0.031910,0.525879,0.0007,0.000000,,
1240,2,1,1,0,,,,,,,0.7500,20
1241,2,1,1,0,,,,,,,,
1242,2,1,1,0,362,-0.010029,0.137372,0.512551,0.0000,0.000000,,
1243,2,0,2,0,,,,,,,,
1244,2,2,0,0,,,,,,,,
1245,2,1,1,0,380,-0.007675,0.132322,0.513055,0.0027,0.000000,,
1246,2,1,1,0,,,,,,,,
1247,2,1,1,0,,,,,,,,
1248,2,1,1,0,361,0.001028,0.107320,0.570972,0.0029,0.000000,,
1249,2,2,0,0,,,,,,,,
1250,2,1,1,0,,,,,,,0.7500,20
1251,2,1,1,0,368,0.009594,0.110121,0.508596,0.0028,0.000000,,
1252,2,1,1,0,,,,,,,,
1253,2,0,2,0,,,,,,,,
1254,2,1,1,0,420,0.004914,0.113641,0.512582,0.0007,0.000000,,
1255,2,2,0,0,,,,,,,,
1256,2,1,1,0,,,,,,,,
1257,2,1,1,0,430,-0.009527,0.133898,0.557161,0.0010,0.000001,,
1258,2,0,2,0,,,,,,,,
1259,2,1,1,0,,,,,,,,
1260,2,2,0,0,352,-0.005115,0.116737,0.518525,0.0007,0.000000,0.6500,20
1261,2,2,0,0,,,,,,,,
1262,2,0,2,0,,,,,,,,
1263,2,1,1,0,398,0.002030,0.082390,0.548060,0.0012,0.000000,,
1264,2,0,2,0,,,,,,,,
1265,2,2,0,0,,,,,,,,
1266,2,1,1,0,359,-0.007198,0.121672,0.432560,0.0016,0.000000,,
1267,2,1,1,0,,,,,,,,
1268,2,1,1,0,,,,,,,,
1269,2,2,0,0,282,0.066839,0.128618,0.527577,0.0071,0.000000,,
1270,2,1,1,0,,,,,,,0.8000,20
1271,2,1,1,0,,,,,,,,
1272,2,1,1,0,390,0.001246,0.125978,0.501634,0.0012,0.000000,,
1273,2,2,0,0,,,,,,,,
1274,2,1,1,0,,,,,,,,
1275,2,1,1,0,336,-0.047973,0.116974,0.549361,0.0007,0.000000,,
1276,2,2,0,0,,,,,,,,
1277,2,0,2,0,,,,,,,,
1278,2,1,1,0,338,0.015724,0.091605,0.509584,0.0102,0.000000,,
1279,2,1,1,0,,,,,,,,
1280,2,0,2,0,,,,,,,0.8000,20
1281,2,1,1,0,372,-0.011254,0.113517,0.495998,0.0007,0.000000,,
1282,2,2,0,0,,,,,,,,
1283,2,1,1,0,,,,,,,,
1284,2,0,2,0,320,-0.028074,0.147431,0.567515,0.0072,0.000000,,
1285,2,2,0,0,,,,,,,,
1286,2,2,0,0,,,,,,,,
1287,2,1,1,0,316,-0.022967,0.158889,0.502233,0.0026,0.000000,,
1288,2,1,1,0,,,,,,,,
1289,2,1,1,0,,,,,,,,
1290,2,2,0,0,280,0.072626,0.119502,0.477707,0.0007,0.000000,0.9000,20
1291,2,0,2,0,,,,,,,,
1292,2,2,0,0,,,,,,,,
1293,2,1,1,0,348,-0.011013,0.178359,0.500219,0.0079,0.000000,,
1294,2,2,0,0,,,,,,,,
1295,2,2,0,0,,,,,,,,
1296,2,1,1,0,331,-0.006200,0.075882,0.526568,0.0000,0.000000,,
1297,2,2,0,0,,,,,,,,
1298,2,2,0,0,,,,,,,,
1299,2,0,2,0,366,0.003182,0.117885,0.486584,0.0022,0.000000,,
1300,2,0,2,0,,,,,,,0.9000,20
1301,2,2,0,0,,,,,,,,
1302,2,1,1,0,396,0.012253,0.086691,0.529624,0.0038,0.000000,,
1303,2,2,0,0,,,,,,,,
1304,2,1,1,0,,,,,,,,
1305,2,1,1,0,353,0.025508,0.088128,0.517892,0.0075,0.000000,,
1306,2,0,2,0,,,,,,,,
1307,2,1,1,0,,,,,,,,
1308,2,1,1,0,376,0.007736,0.069691,0.506880,0.0014,0.000000,,
1309,2,1,1,0,,,,,,,,
1310,2,2,0,0,,,,,,,0.8500,20
1311,2,1,1,0,319,0.004945,0.139056,0.473937,0.0000,0.000000,,
1312,2,1,1,0,,,,,,,,
1313,2,0,2,0,,,,,,,,
1314,2,1,1,0,300,0.007212,0.159841,0.484450,0.0013,0.000000,,
1315,2,2,0,0,,,,,,,,
1316,2,1,1,0,,,,,,,,
1317,2,0,2,0,312,0.012060,0.089055,0.490553,0.0036,0.000000,,
1318,2,1,1,0,,,,,,,,
1319,2,2,0,0,,,,,,,,
1320,2,1,1,0,447,0.000618,0.153704,0.534777,0.0000,0.000000,0.8500,20
1321,2,1,1,0,,,,,,,,
1322,2,0,2,0,,,,,,,,
1323,2,1,1,0,341,0.002366,0.114835,0.488715,0.0039,0.000000,,
1324,2,1,1,0,,,,,,,,
1325,2,2,0,0,,,,,,,,
1326,2,0,2,0,338,-0.015905,0.117204,0.486346,0.0000,0.000000,,
1327,2,1,1,0,,,,,,,,
1328,2,1,1,0,,,,,,,,
1329,2,2,0,0,395,-0.015522,0.092354,0.510619,0.0030,0.000000,,
1330,2,1,1,0,,,,,,,0.9500,20
1331,2,2,0,0,,,,,,,,
1332,2,0,2,0,404,0.005912,0.100994,0.439489,0.0023,0.000000,,
1333,2,1,1,0,,,,,,,,
1334,2,2,0,0,,,,,,,,
1335,2,1,1,0,382,0.010942,0.136683,0.532058,0.0046,0.000000,,
1336,2,1,1,0,,,,,,,,
1337,2,1,1,0,,,,,,,,
1338,2,1,1,0,361,-0.004647,0.094408,0.547256,0.0032,0.000000,,
1339,2,2,0,0,,,,,,,,
1340,2,1,1,0,,,,,,,0.8500,20
1341,2,1,1,0,387,0.002793,0.079008,0.543942,0.0083,0.000000,,
1342,2,1,1,0,,,,,,,,
1343,2,0,2,0,,,,,,,,
1344,2,0,2,0,369,-0.004137,0.098353,0.528094,0.0067,0.000000,,
1345,2,1,1,0,,,,,,,,
1346,2,2,0,0,,,,,,,,
1347,2,1,1,0,376,0.012931,0.078186,0.560345,0.0014,0.000000,,
1348,2,0,2,0,,,,,,,,
1349,2,2,0,0,,,,,,,,
1350,2,0,2,0,379,-0.000134,0.104663,0.564925,0.0013,0.000000,0.8500,20
1351,2,0,2,0,,,,,,,,
1352,2,1,1,0,,,,,,,,
1353,2,1,1,0,419,-0.007875,0.093348,0.514683,0.0027,0.000000,,
1354,2,2,0,0,,,,,,,,
1355,2,1,1,0,,,,,,,,
1356,2,1,1,0,384,0.006135,0.166115,0.530038,0.0026,0.000000,,
1357,2,0,2,0,,,,,,,,
1358,2,2,0,0,,,,,,,,
1359,2,1,1,0,463,-0.003508,0.083612,0.476201,0.0008,0.000000,,
1360,2,1,1,0,,,,,,,0.8500,20
1361,2,0,2,0,,,,,,,,
1362,2,2,0,0,379,0.003728,0.107248,0.565066,0.0020,0.000000,,
1363,2,1,1,0,,,,,,,,
1364,2,0,2,0,,,,,,,,
1365,2,2,0,0,412,-0.003700,0.093985,0.534519,0.0032,0.000000,,
1366,2,2,0,0,,,,,,,,
1367,2,1,1,0,,,,,,,,
1368,2,1,1,0,328,-0.003579,0.204926,0.632871,0.0013,0.000000,,
1369,2,1,1,0,,,,,,,,
1370,2,0,2,0,,,,,,,0.8500,20
1371,2,1,1,0,330,-0.018229,0.129310,0.540150,0.0007,0.000000,,
1372,2,2,0,0,,,,,,,,
1373,2,1,1,0,,,,,,,,
1374,2,1,1,0,291,-0.038766,0.135669,0.576733,0.0048,0.000000,,
1375,2,1,1,0,,,,,,,,
1376,2,1,1,0,,,,,,,,
1377,2,0,2,0,390,-0.017351,0.128526,0.577203,0.0019,0.000000,,
1378,2,1,1,0,,,,,,,,
1379,2,2,0,0,,,,,,,,
1380,2,1,1,0,288,-0.022592,0.136974,0.545678,0.0000,0.000000,0.7500,20
1381,2,2,0,0,,,,,,,,
1382,2,1,1,0,,,,,,,,
1383,2,2,0,0,401,-0.011448,0.088116,0.585637,0.0013,0.000000,,
1384,2,1,1,0,,,,,,,,
1385,2,0,2,0,,,,,,,,
1386,2,1,1,0,222,-0.001604,0.196342,0.560830,0.0000,0.000000,,
1387,2,2,0,0,,,,,,,,
1388,2,2,0,0,,,,,,,,
1389,2,2,0,0,348,-0.006140,0.117945,0.528800,0.0025,0.000000,,
1390,2,1,1,0,,,,,,,0.8500,20
1391,2,0,2,0,,,,,,,,
1392,2,0,2,0,334,-0.009326,0.214650,0.601969,0.0000,0.000000,,
1393,2,1,1,0,,,,,,,,
1394,2,2,0,0,,,,,,,,
1395,2,0,2,0,428,-0.007090,0.078663,0.562759,0.0026,0.000000,,
1396,2,2,0,0,,,,,,,,
1397,2,1,1,0,,,,,,,,
1398,2,0,2,0,372,-0.025273,0.105216,0.528191,0.0000,0.000000,,
1399,2,1,1,0,,,,,,,,
1400,2,2,0,0,,,,,,,0.8500,20
1401,2,1,1,0,373,-0.004593,0.088069,0.572325,0.0000,0.000000,,
1402,2,2,0,0,,,,,,,,
1403,2,0,2,0,,,,,,,,
1404,2,2,0,0,426,-0.001122,0.110894,0.607613,0.0033,0.000000,,
1405,2,1,1,0,,,,,,,,
1406,2,1,1,0,,,,,,,,
1407,2,1,1,0,408,-0.005017,0.091219,0.607864,0.0017,0.000000,,
1408,2,0,2,0,,,,,,,,
1409,2,1,1,0,,,,,,,,
1410,2,2,0,0,388,-0.000382,0.097242,0.619717,0.0025,0.000000,0.8500,20
1411,2,1,1,0,,,,,,,,
1412,2,0,2,0,,,,,,,,
1413,2,1,1,0,317,0.015996,0.161056,0.548070,0.0040,0.000000,,
1414,2,1,1,0,,,,,,,,
1415,2,1,1,0,,,,,,,,
1416,2,1,1,0,312,-0.022330,0.119860,0.565520,0.0000,0.000000,,
1417,2,0,2,0,,,,,,,,
1418,2,2,0,0,,,,,,,,
1419,2,1,1,0,308,-0.038608,0.078872,0.509795,0.0032,0.000000,,
1420,2,0,2,0,,,,,,,0.9500,20
1421,2,2,0,0,,,,,,,,
1422,2,1,1,0,361,0.009276,0.113423,0.654212,0.0128,0.000000,,
1423,2,2,0,0,,,,,,,,
1424,2,1,1,0,,,,,,,,
1425,2,2,0,0,333,0.015527,0.101655,0.616563,0.0035,0.000000,,
1426,2,2,0,0,,,,,,,,
1427,2,1,1,0,,,,,,,,
1428,2,0,2,0,369,0.012304,0.137697,0.546485,0.0007,0.000000,,
1429,2,1,1,0,,,,,,,,
1430,2,1,1,0,,,,,,,0.7500,20
1431,2,1,1,0,273,-0.049074,0.175512,0.598838,0.0020,0.000000,,
1432,2,1,1,0,,,,,,,,
1433,2,1,1,0,,,,,,,,
1434,2,0,2,0,327,-0.004049,0.118772,0.559068,0.0026,0.000000,,
1435,2,0,2,0,,,,,,,,
1436,2,1,1,0,,,,,,,,
1437,2,2,0,0,296,-0.028529,0.128504,0.587414,0.0074,0.000000,,
1438,2,1,1,0,,,,,,,,
1439,2,2,0,0,,,,,,,,
1440,2,2,0,0,289,0.004805,0.147781,0.636367,0.0000,0.000000,1.0000,20
1441,2,1,1,0,,,,,,,,
1442,2,1,1,0,,,,,,,,
1443,2,2,0,0,427,0.007814,0.074931,0.539881,0.0026,0.000000,,
1444,2,2,0,0,,,,,,,,
1445,2,1,1,0,,,,,,,,
1446,2,0,2,0,351,-0.000326,0.089387,0.557280,0.0044,0.000000,,
1447,2,1,1,0,,,,,,,,
1448,2,1,1,0,,,,,,,,
1449,2,1,1,0,399,0.014616,0.139623,0.600424,0.0036,0.000000,,
1450,2,0,2,0,,,,,,,1.0000,20
1451,2,2,0,0,,,,,,,,
1452,2,1,1,0,405,-0.005469,0.138504,0.635091,0.0058,0.000000,,
1453,2,1,1,0,,,,,,,,
1454,2,1,1,0,,,,,,,,
1455,2,1,1,0,314,-0.027322,0.153437,0.604565,0.0265,0.000000,,
1456,2,0,2,0,,,,,,,,
1457,2,2,0,0,,,,,,,,
1458,2,1,1,0,328,-0.017036,0.102103,0.633440,0.0000,0.000000,,
1459,2,0,2,0,,,,,,,,
1460,2,1,1,0,,,,,,,0.8500,20
1461,2,2,0,0,334,0.006049,0.135816,0.637088,0.0092,0.000000,,
1462,2,1,1,0,,,,,,,,
1463,2,1,1,0,,,,,,,,
1464,2,1,1,0,273,0.005733,0.154656,0.562535,0.0098,0.000000,,
1465,2,0,2,0,,,,,,,,
1466,2,1,1,0,,,,,,,,
1467,2,2,0,0,300,0.044259,0.131833,0.541224,0.0000,0.000000,,
1468,2,0,2,0,,,,,,,,
1469,2,1,1,0,,,,,,,,
1470,2,1,1,0,380,0.007594,0.109613,0.601602,0.0033,0.000000,0.8000,20
1471,2,1,1,0,,,,,,,,
1472,2,2,0,0,,,,,,,,
1473,2,0,2,0,319,-0.005690,0.122619,0.532374,0.0118,0.000000,,
1474,2,0,2,0,,,,,,,,
1475,2,2,0,0,,,,,,,,
1476,2,1,1,0,348,-0.027945,0.201838,0.584628,0.0025,0.000000,,
1477,2,1,1,0,,,,,,,,
1478,2,2,0,0,,,,,,,,
1479,2,1,1,0,406,-0.008551,0.057427,0.561773,0.0046,0.000000,,
1480,2,1,1,0,,,,,,,0.9500,20
1481,2,0,2,0,,,,,,,,
1482,2,0,2,0,372,-0.001484,0.084806,0.575725,0.0007,0.000000,,
1483,2,1,1,0,,,,,,,,
1484,2,2,0,0,,,,,,,,
1485,2,0,2,0,394,0.008174,0.089363,0.611947,0.0007,0.000000,,
1486,2,1,1,0,,,,,,,,
1487,2,1,1,0,,,,,,,,
1488,2,1,1,0,386,-0.008645,0.081070,0.545209,0.0000,0.000000,,
1489,2,2,0,0,,,,,,,,
1490,2,1,1,0,,,,,,,0.7000,20
1491,2,2,0,0,361,-0.009207,0.094267,0.661142,0.0007,0.000000,,
1492,2,2,0,0,,,,,,,,
1493,2,1,1,0,,,,,,,,
1494,2,2,0,0,403,-0.006860,0.092723,0.619002,0.0073,0.000000,,
1495,2,2,0,0,,,,,,,,
1496,2,1,1,0,,,,,,,,
1497,2,1,1,0,381,-0.027068,0.086775,0.639876,0.0086,0.000000,,
1498,2,1,1,0,,,,,,,,
1499,2,1,1,0,,,,,,,,
1500,2,1,1,0,353,0.022239,0.184622,0.612669,0.0088,0.000000,0.8000,20
1501,2,1,1,0,,,,,,,,
1502,2,1,1,0,,,,,,,,
1503,2,1,1,0,389,-0.010638,0.122094,0.654670,0.0026,0.000000,,
1504,2,1,1,0,,,,,,,,
1505,2,0,2,0,,,,,,,,
1506,2,1,1,0,333,0.003489,0.138484,0.663869,0.0007,0.000000,,
1507,2,2,0,0,,,,,,,,
1508,2,2,0,0,,,,,,,,
1509,2,1,1,0,342,0.035830,0.087661,0.733689,0.0000,0.000000,,
1510,2,1,1,0,,,,,,,0.8000,20
1511,2,0,2,0,,,,,,,,
1512,2,0,2,0,344,-0.012074,0.114556,0.609797,0.0000,0.000000,,
1513,2,2,0,0,,,,,,,,
1514,2,1,1,0,,,,,,,,
1515,2,2,0,0,347,-0.019742,0.089504,0.676645,0.0031,0.000000,,
1516,2,0,2,0,,,,,,,,
1517,2,2,0,0,,,,,,,,
1518,2,1,1,0,375,0.002645,0.136469,0.622216,0.0000,0.000000,,
1519,2,0,2,0,,,,,,,,
1520,2,0,2,0,,,,,,,0.9000,20
1521,2,2,0,0,324,0.030123,0.143021,0.614886,0.0000,0.000000,,
1522,2,2,0,0,,,,,,,,
1523,2,2,0,0,,,,,,,,
1524,2,1,1,0,316,0.014419,0.131054,0.579278,0.0034,0.000000,,
1525,2,1,1,0,,,,,,,,
1526,2,1,1,0,,,,,,,,
1527,2,0,2,0,347,-0.023911,0.166955,0.607823,0.0007,0.000000,,
1528,2,1,1,0,,,,,,,,
1529,2,1,1,0,,,,,,,,
1530,2,2,0,0,401,-0.017678,0.101881,0.624125,0.0023,0.000000,0.8500,20
1531,2,1,1,0,,,,,,,,
1532,2,0,2,0,,,,,,,,
1533,2,2,0,0,353,-0.014351,0.101283,0.607189,0.0192,0.000000,,
1534,2,1,1,0,,,,,,,,
1535,2,2,0,0,,,,,,,,
1536,2,1,1,0,332,0.000211,0.116433,0.624474,0.0033,0.000000,,
1537,2,1,1,0,,,,,,,,
1538,2,0,2,0,,,,,,,,
1539,2,1,1,0,264,-0.135475,0.154676,0.478865,0.0000,0.000000,,
1540,2,1,1,0,,,,,,,0.9000,20
1541,2,1,1,0,,,,,,,,
1542,2,1,1,0,373,0.035386,0.154870,0.596140,0.0000,0.000000,,
1543,2,2,0,0,,,,,,,,
1544,2,1,1,0,,,,,,,,
1545,2,2,0,0,317,-0.022278,0.104921,0.656683,0.0040,0.000000,,
1546,2,0,2,0,,,,,,,,
1547,2,1,1,0,,,,,,,,
1548,2,2,0,0,402,-0.003470,0.139749,0.618801,0.0034,0.000000,,
1549,2,1,1,0,,,,,,,,
1550,2,2,0,0,,,,,,,0.9000,20
1551,2,1,1,0,284,0.030951,0.116964,0.675776,0.0007,0.000000,,
1552,2,2,0,0,,,,,,,,
1553,2,0,2,0,,,,,,,,
1554,2,2,0,0,394,-0.000357,0.071243,0.609093,0.0000,0.000000,,
1555,2,1,1,0,,,,,,,,
1556,2,2,0,0,,,,,,,,
1557,2,1,1,0,359,-0.003007,0.144228,0.668208,0.0000,0.000000,,
1558,2,2,0,0,,,,,,,,
1559,2,0,2,0,,,,,,,,
1560,2,2,0,0,383,-0.005928,0.107031,0.568242,0.0013,0.000000,0.8000,20
1561,2,2,0,0,,,,,,,,
1562,2,1,1,0,,,,,,,,
1563,2,0,2,0,332,-0.028974,0.170194,0.609247,0.0007,0.000000,,
1564,2,2,0,0,,,,,,,,
1565,2,2,0,0,,,,,,,,
1566,2,1,1,0,326,0.017751,0.056929,0.639825,0.0048,0.000000,,
1567,2,1,1,0,,,,,,,,
1568,2,1,1,0,,,,,,,,
1569,2,0,2,0,330,-0.007124,0.144558,0.574410,0.0000,0.000000,,
1570,2,1,1,0,,,,,,,0.8500,20
1571,2,2,0,0,,,,,,,,
1572,2,1,1,0,293,0.011888,0.111967,0.607302,0.0013,0.000000,,
1573,2,0,2,0,,,,,,,,
1574,2,0,2,0,,,,,,,,
1575,2,1,1,0,354,-0.013315,0.113020,0.619727,0.0051,0.000000,,
1576,2,2,0,0,,,,,,,,
1577,2,1,1,0,,,,,,,,
1578,2,1,1,0,425,-0.001111,0.122417,0.629490,0.0007,0.000000,,
1579,2,2,0,0,,,,,,,,
1580,2,2,0,0,,,,,,,0.9500,20
1581,2,2,0,0,408,-0.006512,0.087050,0.595185,0.0013,0.000000,,
1582,2,1,1,0,,,,,,,,
1583,2,2,0,0,,,,,,,,
1584,2,1,1,0,391,0.009397,0.110389,0.573045,0.0031,0.000000,,
1585,2,2,0,0,,,,,,,,
1586,2,0,2,0,,,,,,,,
1587,2,1,1,0,292,0.031334,0.170842,0.603351,0.0059,0.000000,,
1588,2,2,0,0,,,,,,,,
1589,2,2,0,0,,,,,,,,
1590,2,0,2,0,417,-0.005111,0.090410,0.643249,0.0053,0.000000,0.9000,20
1591,2,1,1,0,,,,,,,,
1592,2,0,2,0,,,,,,,,
1593,2,2,0,0,400,0.002262,0.087460,0.596586,0.0000,0.000000,,
1594,2,0,2,0,,,,,,,,
1595,2,1,1,0,,,,,,,,
1596,2,1,1,0,439,-0.001294,0.077652,0.643478,0.0000,0.000000,,
1597,2,2,0,0,,,,,,,,
1598,2,1,1,0,,,,,,,,
1599,2,1,1,0,296,-0.012513,0.093196,0.560629,0.0026,0.000000,,
1600,2,0,2,0,,,,,,,1.0000,20
1601,2,1,1,0,,,,,,,,
1602,2,0,2,0,328,0.002380,0.116513,0.594562,0.0000,0.000000,,
1603,2,2,0,0,,,,,,,,
1604,2,0,2,0,,,,,,,,
1605,2,1,1,0,318,-0.003984,0.095364,0.544508,0.0013,0.000000,,
1606,2,1,1,0,,,,,,,,
1607,2,2,0,0,,,,,,,,
1608,2,1,1,0,393,-0.012285,0.093397,0.594893,0.0024,0.000000,,
1609,2,1,1,0,,,,,,,,
1610,2,0,2,0,,,,,,,0.9000,20
1611,2,1,1,0,373,-0.012620,0.101169,0.576202,0.0021,0.000000,,
1612,2,1,1,0,,,,,,,,
1613,2,1,1,0,,,,,,,,
1614,2,0,2,0,300,-0.001733,0.174046,0.547689,0.0064,0.000000,,
1615,2,0,2,0,,,,,,,,
1616,2,1,1,0,,,,,,,,
1617,2,2,0,0,384,-0.002948,0.182763,0.600962,0.0046,0.000000,,
1618,2,2,0,0,,,,,,,,
1619,2,2,0,0,,,,,,,,
1620,2,1,1,0,390,0.004365,0.082596,0.582973,0.0007,0.000000,0.8500,20
1621,2,1,1,0,,,,,,,,
1622,2,0,2,0,,,,,,,,
1623,2,2,0,0,345,0.018047,0.129419,0.630343,0.0007,0.000000,,
1624,2,1,1,0,,,,,,,,
1625,2,1,1,0,,,,,,,,
1626,2,0,2,0,325,-0.012814,0.154201,0.549874,0.0037,0.000000,,
1627,2,1,1,0,,,,,,,,
1628,2,1,1,0,,,,,,,,
1629,2,2,0,0,294,-0.062871,0.130136,0.556965,0.0007,0.000000,,
1630,2,1,1,0,,,,,,,0.8500,20
1631,2,1,1,0,,,,,,,,
1632,2,1,1,0,419,-0.002537,0.085407,0.581967,0.0007,0.000000,,
1633,2,0,2,0,,,,,,,,
1634,2,1,1,0,,,,,,,,
1635,2,2,0,0,407,-0.006057,0.123116,0.631112,0.0013,0.000000,,
1636,2,1,1,0,,,,,,,,
1637,2,2,0,0,,,,,,,,
1638,2,2,0,0,453,-0.002185,0.112002,0.595229,0.0040,0.000000,,
1639,2,2,0,0,,,,,,,,
1640,2,2,0,0,,,,,,,0.8500,20
1641,2,2,0,0,398,-0.004835,0.038245,0.577676,0.0013,0.000000,,
1642,2,2,0,0,,,,,,,,
1643,2,2,0,0,,,,,,,,
1644,2,1,1,0,387,0.000476,0.071995,0.589305,0.0026,0.000000,,
1645,2,0,2,0,,,,,,,,
1646,2,0,2,0,,,,,,,,
1647,2,1,1,0,344,0.014859,0.224292,0.586941,0.0057,0.000000,,
1648,2,1,1,0,,,,,,,,
1649,2,1,1,0,,,,,,,,
1650,2,1,1,0,303,0.002323,0.089812,0.540710,0.0013,0.000000,0.9500,20
1651,2,1,1,0,,,,,,,,
1652,2,1,1,0,,,,,,,,
1653,2,1,1,0,339,-0.029809,0.112830,0.599055,0.0087,0.000000,,
1654,2,2,0,0,,,,,,,,
1655,2,1,1,0,,,,,,,,
1656,2,0,2,0,375,0.001506,0.068595,0.661369,0.0055,0.000000,,
1657,2,1,1,0,,,,,,,,
1658,2,1,1,0,,,,,,,,
1659,2,1,1,0,346,-0.003141,0.063773,0.620331,0.0000,0.000000,,
1660,2,0,2,0,,,,,,,0.7500,20
1661,2,1,1,0,,,,,,,,
1662,2,1,1,0,388,-0.018043,0.184210,0.622107,0.0108,0.000000,,
1663,2,2,0,0,,,,,,,,
1664,2,2,0,0,,,,,,,,
1665,2,1,1,0,368,0.014857,0.093427,0.550804,0.0021,0.000000,,
1666,2,1,1,0,,,,,,,,
1667,2,2,0,0,,,,,,,,
1668,2,1,1,0,392,-0.009685,0.099983,0.596382,0.0038,0.000000,,
1669,2,0,2,0,,,,,,,,
1670,2,1,1,0,,,,,,,0.7500,20
1671,2,1,1,0,466,-0.003618,0.141002,0.632447,0.0138,0.000000,,
1672,2,1,1,0,,,,,,,,
1673,2,0,2,0,,,,,,,,
1674,2,0,2,0,406,0.003158,0.107919,0.616298,0.0035,0.000000,,
1675,2,1,1,0,,,,,,,,
1676,2,2,0,0,,,,,,,,
1677,2,1,1,0,430,0.000500,0.119734,0.610538,0.0029,0.000000,,
1678,2,0,2,0,,,,,,,,
1679,2,1,1,0,,,,,,,,
1680,2,1,1,0,361,0.003751,0.116499,0.606843,0.0099,0.000000,0.9000,20
1681,2,0,2,0,,,,,,,,
1682,2,0,2,0,,,,,,,,
1683,2,0,2,0,375,0.003091,0.065665,0.634448,0.0027,0.000000,,
1684,2,1,1,0,,,,,,,,
1685,2,0,2,0,,,,,,,,
1686,2,0,2,0,348,-0.016101,0.074246,0.554245,0.0104,0.000000,,
1687,2,1,1,0,,,,,,,,
1688,2,2,0,0,,,,,,,,
1689,2,1,1,0,387,0.001467,0.132920,0.644535,0.0000,0.000000,,
1690,2,1,1,0,,,,,,,0.8500,20
1691,2,1,1,0,,,,,,,,
1692,2,1,1,0,418,-0.011812,0.086033,0.575792,0.0102,0.000000,,
1693,2,1,1,0,,,,,,,,
1694,2,0,2,0,,,,,,,,
1695,2,2,0,0,298,0.012082,0.163553,0.537431,0.0046,0.000000,,
1696,2,2,0,0,,,,,,,,
1697,2,2,0,0,,,,,,,,
1698,2,0,2,0,401,-0.009006,0.094065,0.524513,0.0103,0.000000,,
1699,2,2,0,0,,,,,,,,
1700,2,0,2,0,,,,,,,0.8000,20
1701,2,1,1,0,411,-0.010543,0.115915,0.617836,0.0028,0.000000,,
1702,2,1,1,0,,,,,,,,
1703,2,1,1,0,,,,,,,,
1704,2,2,0,0,343,-0.003491,0.080054,0.602960,0.0032,0.000000,,
1705,2,1,1,0,,,,,,,,
1706,2,1,1,0,,,,,,,,
1707,2,2,0,0,417,0.009282,0.099418,0.566817,0.0021,0.000000,,
1708,2,0,2,0,,,,,,,,
1709,2,2,0,0,,,,,,,,
1710,2,1,1,0,385,0.015508,0.098279,0.593957,0.0026,0.000000,0.8000,20
1711,2,0,2,0,,,,,,,,
1712,2,1,1,0,,,,,,,,
1713,2,0,2,0,420,0.004570,0.128881,0.582682,0.0010,0.000000,,
1714,2,1,1,0,,,,,,,,
1715,2,1,1,0,,,,,,,,
1716,2,2,0,0,312,-0.023345,0.090614,0.540713,0.0049,0.000000,,
1717,2,2,0,0,,,,,,,,
1718,2,1,1,0,,,,,,,,
1719,2,1,1,0,348,-0.016576,0.055397,0.554321,0.0025,0.000000,,
1720,2,1,1,0,,,,,,,0.9500,20
1721,2,2,0,0,,,,,,,,
1722,2,1,1,0,327,0.011620,0.065351,0.536746,0.0073,0.000000,,
1723,2,1,1,0,,,,,,,,
1724,2,1,1,0,,,,,,,,
1725,2,1,1,0,386,0.016385,0.109124,0.644689,0.0013,0.000000,,
1726,2,1,1,0,,,,,,,,
1727,2,0,2,0,,,,,,,,
1728,2,1,1,0,326,0.014636,0.161438,0.609081,0.0037,0.000000,,
1729,2,1,1,0,,,,,,,,
1730,2,2,0,0,,,,,,,0.8000,20
1731,2,0,2,0,448,0.002359,0.107955,0.569013,0.0059,0.000000,,
1732,2,2,0,0,,,,,,,,
1733,2,2,0,0,,,,,,,,
1734,2,2,0,0,372,-0.016283,0.052608,0.542139,0.0055,0.000000,,
1735,2,1,1,0,,,,,,,,
1736,2,1,1,0,,,,,,,,
1737,2,0,2,0,369,-0.013154,0.170986,0.562037,0.0000,0.000000,,
1738,2,1,1,0,,,,,,,,
1739,2,2,0,0,,,,,,,,
1740,2,1,1,0,382,0.004400,0.061636,0.555149,0.0013,0.000000,0.7500,20
1741,2,2,0,0,,,,,,,,
1742,2,2,0,0,,,,,,,,
1743,2,2,0,0,376,-0.005440,0.037753,0.572436,0.0028,0.000000,,
1744,2,1,1,0,,,,,,,,
1745,2,1,1,0,,,,,,,,
1746,2,1,1,0,400,0.009609,0.084319,0.528561,0.0043,0.000000,,
1747,2,2,0,0,,,,,,,,
1748,2,1,1,0,,,,,,,,
1749,2,1,1,0,341,-0.003247,0.151140,0.552333,0.0046,0.000000,,
1750,2,1,1,0,,,,,,,0.8000,20
1751,2,1,1,0,,,,,,,,
1752,2,1,1,0,366,-0.000977,0.132911,0.535724,0.0026,0.000000,,
1753,2,2,0,0,,,,,,,,
1754,2,2,0,0,,,,,,,,
1755,2,0,2,0,338,-0.037880,0.131659,0.596860,0.0074,0.000000,,
1756,2,1,1,0,,,,,,,,
1757,2,1,1,0,,,,,,,,
1758,2,1,1,0,403,0.000668,0.083287,0.569816,0.0011,0.000000,,
1759,2,2,0,0,,,,,,,,
1760,2,1,1,0,,,,,,,0.9500,20
1761,2,1,1,0,401,-0.014616,0.113972,0.542129,0.0000,0.000000,,
1762,2,1,1,0,,,,,,,,
1763,2,0,2,0,,,,,,,,
1764,2,1,1,0,366,-0.003559,0.138298,0.504645,0.0022,0.000000,,
1765,2,2,0,0,,,,,,,,
1766,2,1,1,0,,,,,,,,
1767,2,1,1,0,438,-0.005541,0.134787,0.505902,0.0007,0.000000,,
1768,2,1,1,0,,,,,,,,
1769,2,1,1,0,,,,,,,,
1770,2,2,0,0,339,-0.009037,0.114838,0.567797,0.0060,0.000000,0.7000,20
1771,2,2,0,0,,,,,,,,
1772,2,1,1,0,,,,,,,,
1773,2,2,0,0,366,0.017877,0.062999,0.601023,0.0022,0.000000,,
1774,2,1,1,0,,,,,,,,
1775,2,1,1,0,,,,,,,,
1776,2,1,1,0,344,0.018339,0.151150,0.572982,0.0000,0.000000,,
1777,2,2,0,0,,,,,,,,
1778,2,0,2,0,,,,,,,,
1779,2,2,0,0,389,0.010199,0.078327,0.612894,0.0000,0.000000,,
1780,2,1,1,0,,,,,,,0.8000,20
1781,2,1,1,0,,,,,,,,
1782,2,2,0,0,345,0.007343,0.094365,0.548634,0.0019,0.000000,,
1783,2,0,2,0,,,,,,,,
1784,2,1,1,0,,,,,,,,
1785,2,1,1,0,366,-0.002539,0.079673,0.629137,0.0000,0.000000,,
1786,2,1,1,0,,,,,,,,
1787,2,1,1,0,,,,,,,,
1788,2,1,1,0,397,-0.008921,0.111560,0.550522,0.0025,0.000000,,
1789,2,2,0,0,,,,,,,,
1790,2,2,0,0,,,,,,,1.0000,20
1791,2,1,1,0,350,0.009142,0.125976,0.542495,0.0055,0.000000,,
1792,2,2,0,0,,,,,,,,
1793,2,0,2,0,,,,,,,,
1794,2,1,1,0,382,-0.009286,0.134610,0.579652,0.0039,0.000000,,
1795,2,0,2,0,,,,,,,,
1796,2,2,0,0,,,,,,,,
1797,2,0,2,0,355,-0.013039,0.143669,0.578646,0.0114,0.000000,,
1798,2,2,0,0,,,,,,,,
1799,2,1,1,0,,,,,,,,
1800,2,1,1,0,374,0.019299,0.119131,0.614992,0.0021,0.000000,0.7500,20
1801,2,2,0,0,,,,,,,,
1802,2,1,1,0,,,,,,,,
1803,2,2,0,0,392,-0.000097,0.057343,0.633126,0.0037,0.000001,,
1804,2,2,0,0,,,,,,,,
1805,2,1,1,0,,,,,,,,
1806,2,2,0,0,366,-0.002240,0.101393,0.602389,0.0000,0.000000,,
1807,2,1,1,0,,,,,,,,
1808,2,1,1,0,,,,,,,,
1809,2,2,0,0,349,0.007405,0.117700,0.622083,0.0000,0.000000,,
1810,2,2,0,0,,,,,,,0.8000,20
1811,2,1,1,0,,,,,,,,
1812,2,2,0,0,426,-0.007225,0.061709,0.589454,0.0013,0.000000,,
1813,2,1,1,0,,,,,,,,
1814,2,1,1,0,,,,,,,,
1815,2,1,1,0,452,-0.006117,0.132076,0.635287,0.0039,0.000000,,
1816,2,2,0,0,,,,,,,,
1817,2,2,0,0,,,,,,,,
1818,2,1,1,0,378,0.005506,0.076649,0.639422,0.0013,0.000000,,
1819,2,1,1,0,,,,,,,,
1820,2,0,2,0,,,,,,,0.7500,20
1821,2,0,2,0,374,0.001495,0.170848,0.599834,0.0007,0.000000,,
1822,2,0,2,0,,,,,,,,
1823,2,0,2,0,,,,,,,,
1824,2,1,1,0,430,0.000520,0.133037,0.640852,0.0039,0.000000,,
1825,2,2,0,0,,,,,,,,
1826,2,1,1,0,,,,,,,,
1827,2,1,1,0,402,-0.020384,0.087783,0.573535,0.0036,0.000000,,
1828,2,0,2,0,,,,,,,,
1829,2,1,1,0,,,,,,,,
1830,2,2,0,0,411,-0.004812,0.110294,0.598332,0.0007,0.000000,0.8000,20
1831,2,0,2,0,,,,,,,,
1832,2,0,2,0,,,,,,,,
1833,2,1,1,0,407,0.001072,0.098628,0.548261,0.0031,0.000000,,
1834,2,1,1,0,,,,,,,,
1835,2,1,1,0,,,,,,,,
1836,2,0,2,0,406,-0.005366,0.102702,0.597499,0.0125,0.000000,,
1837,2,1,1,0,,,,,,,,
1838,2,1,1,0,,,,,,,,
1839,2,1,1,0,322,-0.013823,0.082760,0.620342,0.0007,0.000000,,
1840,2,2,0,0,,,,,,,0.9000,20
1841,2,2,0,0,,,,,,,,
1842,2,2,0,0,392,-0.000574,0.104153,0.632046,0.0044,0.000000,,
1843,2,2,0,0,,,,,,,,
1844,2,1,1,0,,,,,,,,
1845,2,1,1,0,380,-0.010968,0.095927,0.656712,0.0026,0.000000,,
1846,2,1,1,0,,,,,,,,
1847,2,1,1,0,,,,,,,,
1848,2,1,1,0,338,-0.012405,0.129308,0.593666,0.0181,0.000000,,
1849,2,0,2,0,,,,,,,,
1850,2,2,0,0,,,,,,,0.9000,20
1851,2,1,1,0,325,-0.004586,0.084929,0.641192,0.0020,0.000000,,
1852,2,2,0,0,,,,,,,,
1853,2,1,1,0,,,,,,,,
1854,2,2,0,0,395,-0.004232,0.075383,0.601102,0.0044,0.000000,,
1855,2,2,0,0,,,,,,,,
1856,2,0,2,0,,,,,,,,
1857,2,1,1,0,412,0.001452,0.127812,0.593769,0.0060,0.000000,,
1858,2,1,1,0,,,,,,,,
1859,2,1,1,0,,,,,,,,
1860,2,2,0,0,445,-0.001308,0.100203,0.569721,0.0009,0.000000,0.8500,20
1861,2,0,2,0,,,,,,,,
1862,2,1,1,0,,,,,,,,
1863,2,0,2,0,327,-0.006554,0.136856,0.541161,0.0007,0.000000,,
1864,2,1,1,0,,,,,,,,
1865,2,0,2,0,,,,,,,,
1866,2,1,1,0,378,-0.008343,0.193836,0.569838,0.0074,0.000000,,
1867,2,2,0,0,,,,,,,,
1868,2,1,1,0,,,,,,,,
1869,2,2,0,0,399,-0.018960,0.067519,0.621368,0.0007,0.000000,,
1870,2,1,1,0,,,,,,,0.8500,20
1871,2,1,1,0,,,,,,,,
1872,2,1,1,0,445,-0.001995,0.107225,0.584469,0.0061,0.000000,,
1873,2,1,1,0,,,,,,,,
1874,2,2,0,0,,,,,,,,
1875,2,0,2,0,272,0.035429,0.095030,0.474452,0.0007,0.000000,,
1876,2,2,0,0,,,,,,,,
1877,2,2,0,0,,,,,,,,
1878,2,1,1,0,362,0.012478,0.100339,0.583593,0.0022,0.000000,,
1879,2,1,1,0,,,,,,,,
1880,2,1,1,0,,,,,,,0.8500,20
1881,2,0,2,0,404,0.001473,0.112911,0.541017,0.0060,0.000000,,
1882,2,0,2,0,,,,,,,,
1883,2,0,2,0,,,,,,,,
1884,2,1,1,0,379,-0.012712,0.083701,0.550807,0.0101,0.000000,,
1885,2,2,0,0,,,,,,,,
1886,2,1,1,0,,,,,,,,
1887,2,0,2,0,400,-0.000015,0.076419,0.537868,0.0041,0.000000,,
1888,2,0,2,0,,,,,,,,
1889,2,0,2,0,,,,,,,,
1890,2,0,2,0,415,-0.002651,0.153324,0.572804,0.0055,0.000000,1.0000,20
1891,2,1,1,0,,,,,,,,
1892,2,2,0,0,,,,,,,,
1893,2,2,0,0,396,-0.001482,0.178007,0.577046,0.0018,0.000000,,
1894,2,0,2,0,,,,,,,,
1895,2,1,1,0,,,,,,,,
1896,2,1,1,0,351,0.012279,0.101846,0.575783,0.0020,0.000000,,
1897,2,0,2,0,,,,,,,,
1898,2,2,0,0,,,,,,,,
1899,2,2,0,0,331,-0.001174,0.135554,0.588501,0.0064,0.000000,,
1900,2,2,0,0,,,,,,,0.9000,20
1901,2,2,0,0,,,,,,,,
1902,2,1,1,0,354,-0.006890,0.086097,0.559913,0.0084,0.000000,,
1903,2,0,2,0,,,,,,,,
1904,2,2,0,0,,,,,,,,
1905,2,0,2,0,388,0.001741,0.119430,0.647270,0.0038,0.000000,,
1906,2,2,0,0,,,,,,,,
1907,2,1,1,0,,,,,,,,
1908,2,1,1,0,306,-0.024704,0.072124,0.628460,0.0020,0.000000,,
1909,2,2,0,0,,,,,,,,
1910,2,1,1,0,,,,,,,0.8500,20
1911,2,1,1,0,418,-0.005347,0.076583,0.612375,0.0034,0.000000,,
1912,2,2,0,0,,,,,,,,
1913,2,1,1,0,,,,,,,,
1914,2,2,0,0,338,-0.012565,0.101060,0.594011,0.0027,0.000000,,
1915,2,1,1,0,,,,,,,,
1916,2,1,1,0,,,,,,,,
1917,2,1,1,0,404,-0.010568,0.090934,0.526716,0.0023,0.000000,,
1918,2,0,2,0,,,,,,,,
1919,2,1,1,0,,,,,,,,
1920,2,1,1,0,422,0.006346,0.074890,0.475054,0.0060,0.000000,0.7000,20
1921,2,1,1,0,,,,,,,,
1922,2,1,1,0,,,,,,,,
1923,2,1,1,0,457,0.001097,0.125095,0.543130,0.0007,0.000000,,
1924,2,2,0,0,,,,,,,,
1925,2,1,1,0,,,,,,,,
1926,2,1,1,0,401,-0.011619,0.089452,0.513288,0.0036,0.000000,,
1927,2,0,2,0,,,,,,,,
1928,2,0,2,0,,,,,,,,
1929,2,1,1,0,370,0.003791,0.108262,0.536200,0.0000,0.000000,,
1930,2,1,1,0,,,,,,,0.9000,20
1931,2,1,1,0,,,,,,,,
1932,2,0,2,0,439,-0.000159,0.114785,0.529397,0.0009,0.000000,,
1933,2,1,1,0,,,,,,,,
1934,2,0,2,0,,,,,,,,
1935,2,0,2,0,368,-0.003100,0.128867,0.564464,0.0013,0.000000,,
1936,2,1,1,0,,,,,,,,
1937,2,0,2,0,,,,,,,,
1938,2,1,1,0,357,0.002532,0.085459,0.539950,0.0000,0.000000,,
1939,2,0,2,0,,,,,,,,
1940,2,2,0,0,,,,,,,0.9000,20
1941,2,0,2,0,385,0.001483,0.069115,0.547877,0.0117,0.000000,,
1942,2,0,2,0,,,,,,,,
1943,2,1,1,0,,,,,,,,
1944,2,0,2,0,318,0.025033,0.169753,0.576354,0.0027,0.000000,,
1945,2,1,1,0,,,,,,,,
1946,2,2,0,0,,,,,,,,
1947,2,2,0,0,428,0.004886,0.186246,0.531671,0.0010,0.000000,,
1948,2,2,0,0,,,,,,,,
1949,2,1,1,0,,,,,,,,
1950,2,1,1,0,411,-0.005822,0.135247,0.554454,0.0073,0.000000,0.8500,20
1951,2,2,0,0,,,,,,,,
1952,2,2,0,0,,,,,,,,
1953,2,0,2,0,472,-0.001044,0.101770,0.541020,0.0072,0.000000,,
1954,2,2,0,0,,,,,,,,
1955,2,2,0,0,,,,,,,,
1956,2,2,0,0,347,0.011883,0.046360,0.582965,0.0025,0.000000,,
1957,2,1,1,0,,,,,,,,
1958,2,1,1,0,,,,,,,,
1959,2,0,2,0,406,0.004345,0.103708,0.586639,0.0051,0.000000,,
1960,2,0,2,0,,,,,,,0.7500,20
1961,2,1,1,0,,,,,,,,
1962,2,2,0,0,338,0.018839,0.106567,0.572676,0.0054,0.000000,,
1963,2,2,0,0,,,,,,,,
1964,2,0,2,0,,,,,,,,
1965,2,1,1,0,339,-0.028656,0.135968,0.516894,0.0000,0.000000,,
1966,2,1,1,0,,,,,,,,
1967,2,1,1,0,,,,,,,,
1968,2,1,1,0,304,0.020791,0.109592,0.574064,0.0109,0.000000,,
1969,2,1,1,0,,,,,,,,
1970,2,0,2,0,,,,,,,0.7000,20
1971,2,1,1,0,397,-0.008620,0.090846,0.569600,0.0012,0.000000,,
1972,2,0,2,0,,,,,,,,
1973,2,2,0,0,,,,,,,,
1974,2,1,1,0,329,-0.043848,0.111387,0.587795,0.0098,0.000000,,
1975,2,1,1,0,,,,,,,,
1976,2,1,1,0,,,,,,,,
1977,2,2,0,0,452,-0.001106,0.148137,0.516412,0.0026,0.000000,,
1978,2,1,1,0,,,,,,,,
1979,2,1,1,0,,,,,,,,
1980,2,1,1,0,432,-0.010994,0.121915,0.529969,0.0067,0.000000,0.7500,20
1981,2,1,1,0,,,,,,,,
1982,2,2,0,0,,,,,,,,
1983,2,2,0,0,415,-0.002952,0.101435,0.596155,0.0072,0.000000,,
1984,2,1,1,0,,,,,,,,
1985,2,2,0,0,,,,,,,,
1986,2,1,1,0,406,0.004571,0.095470,0.576231,0.0024,0.000000,,
1987,2,1,1,0,,,,,,,,
1988,2,1,1,0,,,,,,,,
1989,2,0,2,0,397,0.016684,0.143461,0.566605,0.0048,0.000000,,
1990,2,0,2,0,,,,,,,0.8500,20
1991,2,2,0,0,,,,,,,,
1992,2,0,2,0,362,-0.001210,0.115620,0.532599,0.0136,0.000000,,
1993,2,2,0,0,,,,,,,,
1994,2,0,2,0,,,,,,,,
1995,2,0,2,0,389,-0.000201,0.099472,0.519015,0.0007,0.000000,,
1996,2,2,0,0,,,,,,,,
1997,2,0,2,0,,,,,,,,
1998,2,1,1,0,346,0.000677,0.117942,0.509375,0.0007,0.000000,,
1999,2,2,0,0,,,,,,,,
2000,2,2,0,0,,,,,,,0.8000,20
2001,2,0,2,0,309,0.010497,0.082447,0.527149,0.0013,0.000000,,
2002,2,1,1,0,,,,,,,,
2003,2,0,2,0,,,,,,,,
2004,2,1,1,0,447,-0.000715,0.115187,0.539087,0.0081,0.000000,,
2005,2,1,1,0,,,,,,,,
2006,2,2,0,0,,,,,,,,
2007,2,1,1,0,429,-0.005558,0.116511,0.539554,0.0032,0.000000,,
2008,2,0,2,0,,,,,,,,
2009,2,0,2,0,,,,,,,,
2010,2,0,2,0,403,0.004738,0.091487,0.523381,0.0023,0.000000,0.8500,20
2011,2,1,1,0,,,,,,,,
2012,2,1,1,0,,,,,,,,
2013,2,2,0,0,388,0.012450,0.135083,0.480169,0.0000,0.000000,,
2014,2,1,1,0,,,,,,,,
2015,2,1,1,0,,,,,,,,
2016,2,1,1,0,403,0.001139,0.123010,0.499740,0.0026,0.000000,,
2017,2,1,1,0,,,,,,,,
2018,2,1,1,0,,,,,,,,
2019,2,1,1,0,304,-0.014579,0.140106,0.493616,0.0033,0.000000,,
2020,2,1,1,0,,,,,,,0.7500,20
2021,2,2,0,0,,,,,,,,
2022,2,2,0,0,356,0.007700,0.086514,0.581135,0.0046,0.000000,,
2023,2,1,1,0,,,,,,,,
2024,2,0,2,0,,,,,,,,
2025,2,2,0,0,446,-0.006511,0.066774,0.581868,0.0035,0.000000,,
2026,2,1,1,0,,,,,,,,
2027,2,1,1,0,,,,,,,,
2028,2,2,0,0,501,-0.002664,0.112277,0.561006,0.0041,0.000000,,
2029,2,2,0,0,,,,,,,,
2030,2,1,1,0,,,,,,,0.8000,20
2031,2,2,0,0,400,-0.001047,0.063857,0.552820,0.0000,0.000000,,
2032,2,1,1,0,,,,,,,,
2033,2,1,1,0,,,,,,,,
2034,2,2,0,0,390,-0.009638,0.077647,0.586190,0.0044,0.000000,,
2035,2,1,1,0,,,,,,,,
2036,2,0,2,0,,,,,,,,
2037,2,2,0,0,372,-0.016247,0.118588,0.573004,0.0000,0.000000,,
2038,2,0,2,0,,,,,,,,
2039,2,0,2,0,,,,,,,,
2040,2,2,0,0,417,-0.012409,0.140274,0.561342,0.0053,0.000000,0.6500,20
2041,2,1,1,0,,,,,,,,
2042,2,2,0,0,,,,,,,,
2043,2,1,1,0,403,-0.007741,0.118106,0.596622,0.0041,0.000000,,
2044,2,1,1,0,,,,,,,,
2045,2,1,1,0,,,,,,,,
2046,2,1,1,0,317,-0.035973,0.112805,0.567167,0.0040,0.000000,,
2047,2,0,2,0,,,,,,,,
2048,2,0,2,0,,,,,,,,
2049,2,0,2,0,486,-0.001412,0.090260,0.525156,0.0014,0.000000,,
2050,2,1,1,0,,,,,,,0.8500,20
2051,2,2,0,0,,,,,,,,
2052,2,0,2,0,345,0.020661,0.139579,0.622050,0.0007,0.000000,,
2053,2,0,2,0,,,,,,,,
2054,2,1,1,0,,,,,,,,
2055,2,2,0,0,317,-0.036248,0.118162,0.578045,0.0034,0.000000,,
2056,2,1,1,0,,,,,,,,
2057,2,1,1,0,,,,,,,,
2058,2,1,1,0,365,-0.003778,0.083628,0.527271,0.0007,0.000000,,
2059,2,0,2,0,,,,,,,,
2060,2,1,1,0,,,,,,,0.9000,20
2061,2,0,2,0,280,-0.058038,0.069523,0.556100,0.0145,0.000000,,
2062,2,1,1,0,,,,,,,,
2063,2,2,0,0,,,,,,,,
2064,2,0,2,0,377,-0.012830,0.145196,0.479088,0.0000,0.000000,,
2065,2,1,1,0,,,,,,,,
2066,2,1,1,0,,,,,,,,
2067,2,2,0,0,407,0.012031,0.117219,0.535941,0.0000,0.000000,,
2068,2,1,1,0,,,,,,,,
2069,2,1,1,0,,,,,,,,
2070,2,2,0,0,391,-0.001618,0.115259,0.563919,0.0025,0.000000,0.8000,20
2071,2,2,0,0,,,,,,,,
2072,2,1,1,0,,,,,,,,
2073,2,1,1,0,376,-0.017818,0.082600,0.566671,0.0027,0.000000,,
2074,2,1,1,0,,,,,,,,
2075,2,2,0,0,,,,,,,,
2076,2,2,0,0,350,-0.045475,0.092037,0.550905,0.0000,0.000000,,
2077,2,1,1,0,,,,,,,,
2078,2,1,1,0,,,,,,,,
2079,2,1,1,0,398,-0.008062,0.099613,0.536149,0.0007,0.000000,,
2080,2,1,1,0,,,,,,,0.9500,20
2081,2,1,1,0,,,,,,,,
2082,2,1,1,0,379,-0.010303,0.110964,0.587096,0.0040,0.000000,,
2083,2,1,1,0,,,,,,,,
2084,2,1,1,0,,,,,,,,
2085,2,1,1,0,421,0.001453,0.072727,0.515896,0.0027,0.000000,,
2086,2,0,2,0,,,,,,,,
2087,2,2,0,0,,,,,,,,
2088,2,1,1,0,417,-0.006410,0.107412,0.512227,0.0044,0.000000,,
2089,2,1,1,0,,,,,,,,
2090,2,0,2,0,,,,,,,0.9000,20
2091,2,2,0,0,448,-0.001510,0.095132,0.513060,0.0015,0.000000,,
2092,2,2,0,0,,,,,,,,
2093,2,0,2,0,,,,,,,,
2094,2,0,2,0,363,-0.010473,0.144200,0.520232,0.0038,0.000000,,
2095,2,2,0,0,,,,,,,,
2096,2,1,1,0,,,,,,,,
2097,2,0,2,0,443,-0.000537,0.132682,0.519859,0.0000,0.000000,,
2098,2,1,1,0,,,,,,,,
2099,2,0,2,0,,,,,,,,
2100,2,1,1,0,387,-0.007120,0.097986,0.488700,0.0019,0.000000,0.8000,20
2101,2,2,0,0,,,,,,,,
2102,2,0,2,0,,,,,,,,
2103,2,1,1,0,385,-0.015789,0.091691,0.516293,0.0007,0.000000,,
2104,2,2,0,0,,,,,,,,
2105,2,1,1,0,,,,,,,,
2106,2,1,1,0,414,-0.000693,0.086319,0.482188,0.0007,0.000000,,
2107,2,2,0,0,,,,,,,,
2108,2,2,0,0,,,,,,,,
2109,2,0,2,0,492,-0.001937,0.085595,0.540233,0.0047,0.000000,,
2110,2,1,1,0,,,,,,,0.8000,20
2111,2,1,1,0,,,,,,,,
2112,2,1,1,0,321,0.008427,0.116576,0.574760,0.0007,0.000000,,
2113,2,0,2,0,,,,,,,,
2114,2,2,0,0,,,,,,,,
2115,2,2,0,0,400,-0.011660,0.058850,0.527975,0.0012,0.000000,,
2116,2,1,1,0,,,,,,,,
2117,2,1,1,0,,,,,,,,
2118,2,1,1,0,420,-0.002761,0.125474,0.501046,0.0033,0.000000,,
2119,2,1,1,0,,,,,,,,
2120,2,0,2,0,,,,,,,0.9000,20
2121,2,0,2,0,303,-0.023647,0.107179,0.500674,0.0007,0.000000,,
2122,2,0,2,0,,,,,,,,
2123,2,0,2,0,,,,,,,,
2124,2,2,0,0,353,-0.003215,0.080353,0.534010,0.0034,0.000000,,
2125,2,1,1,0,,,,,,,,
2126,2,1,1,0,,,,,,,,
2127,2,1,1,0,311,0.038222,0.100319,0.554688,0.0150,0.000000,,
2128,2,0,2,0,,,,,,,,
2129,2,1,1,0,,,,,,,,
2130,2,1,1,0,376,-0.003410,0.180868,0.503645,0.0041,0.000000,0.8000,20
2131,2,1,1,0,,,,,,,,
2132,2,2,0,0,,,,,,,,
2133,2,0,2,0,415,-0.001585,0.088913,0.520698,0.0102,0.000000,,
2134,2,2,0,0,,,,,,,,
2135,2,1,1,0,,,,,,,,
2136,2,1,1,0,412,0.000831,0.107336,0.510435,0.0066,0.000000,,
2137,2,2,0,0,,,,,,,,
2138,2,0,2,0,,,,,,,,
2139,2,0,2,0,416,0.002078,0.117127,0.470784,0.0111,0.000000,,
2140,2,2,0,0,,,,,,,0.8000,20
2141,2,2,0,0,,,,,,,,
2142,2,1,1,0,361,0.006293,0.140466,0.538512,0.0105,0.000000,,
2143,2,0,2,0,,,,,,,,
2144,2,1,1,0,,,,,,,,
2145,2,1,1,0,330,-0.021554,0.100386,0.523684,0.0052,0.000000,,
2146,2,2,0,0,,,,,,,,
2147,2,1,1,0,,,,,,,,
2148,2,1,1,0,308,-0.035695,0.104289,0.422511,0.0052,0.000000,,
2149,2,1,1,0,,,,,,,,
2150,2,0,2,0,,,,,,,0.9000,20
2151,2,1,1,0,366,-0.002262,0.148478,0.470327,0.0015,0.000000,,
2152,2,1,1,0,,,,,,,,
2153,2,1,1,0,,,,,,,,
2154,2,1,1,0,402,0.006340,0.103953,0.434703,0.0018,0.000000,,
2155,2,1,1,0,,,,,,,,
2156,2,0,2,0,,,,,,,,
2157,2,0,2,0,455,-0.001701,0.128987,0.464854,0.0000,0.000000,,
2158,2,1,1,0,,,,,,,,
2159,2,0,2,0,,,,,,,,
2160,2,2,0,0,357,0.014680,0.106112,0.497766,0.0086,0.000000,0.9500,20
2161,2,1,1,0,,,,,,,,
2162,2,1,1,0,,,,,,,,
2163,2,2,0,0,423,0.002855,0.104178,0.536033,0.0000,0.000000,,
2164,2,2,0,0,,,,,,,,
2165,2,2,0,0,,,,,,,,
2166,2,0,2,0,429,0.007453,0.090609,0.501145,0.0042,0.000000,,
2167,2,1,1,0,,,,,,,,
2168,2,0,2,0,,,,,,,,
2169,2,1,1,0,379,-0.025909,0.095934,0.455568,0.0000,0.000000,,
2170,2,1,1,0,,,,,,,0.8000,20
2171,2,2,0,0,,,,,,,,
2172,2,1,1,0,416,-0.004363,0.065805,0.537870,0.0000,0.000000,,
2173,2,2,0,0,,,,,,,,
2174,2,0,2,0,,,,,,,,
2175,2,2,0,0,311,0.003317,0.080090,0.470069,0.0043,0.000000,,
2176,2,2,0,0,,,,,,,,
2177,2,1,1,0,,,,,,,,
2178,2,1,1,0,476,-0.001534,0.098191,0.518022,0.0022,0.000000,,
2179,2,0,2,0,,,,,,,,
2180,2,0,2,0,,,,,,,0.7000,20
2181,2,0,2,0,296,0.030473,0.152217,0.409740,0.0020,0.000000,,
2182,2,1,1,0,,,,,,,,
2183,2,1,1,0,,,,,,,,
2184,2,1,1,0,450,-0.004135,0.077131,0.467213,0.0022,0.000000,,
2185,2,1,1,0,,,,,,,,
2186,2,2,0,0,,,,,,,,
2187,2,2,0,0,371,0.006760,0.090883,0.460427,0.0021,0.000000,,
2188,2,1,1,0,,,,,,,,
2189,2,0,2,0,,,,,,,,
2190,2,0,2,0,290,-0.054508,0.068132,0.436153,0.0007,0.000000,0.9000,20
2191,2,2,0,0,,,,,,,,
2192,2,1,1,0,,,,,,,,
2193,2,0,2,0,397,-0.005062,0.140078,0.475255,0.0054,0.000000,,
2194,2,1,1,0,,,,,,,,
2195,2,2,0,0,,,,,,,,
2196,2,1,1,0,366,-0.011625,0.091245,0.510618,0.0022,0.000000,,
2197,2,2,0,0,,,,,,,,
2198,2,2,0,0,,,,,,,,
2199,2,2,0,0,435,-0.005083,0.045324,0.495755,0.0007,0.000000,,
2200,2,0,2,0,,,,,,,0.9500,20
2201,2,1,1,0,,,,,,,,
2202,2,1,1,0,353,-0.013247,0.119284,0.455417,0.0052,0.000000,,
2203,2,1,1,0,,,,,,,,
2204,2,1,1,0,,,,,,,,
2205,2,0,2,0,415,-0.001081,0.079176,0.426639,0.0021,0.000000,,
2206,2,2,0,0,,,,,,,,
2207,2,1,1,0,,,,,,,,
2208,2,2,0,0,397,0.005877,0.100828,0.518070,0.0000,0.000000,,
2209,2,2,0,0,,,,,,,,
2210,2,1,1,0,,,,,,,0.9500,20
2211,2,1,1,0,368,-0.003450,0.141235,0.523295,0.0028,0.000000,,
2212,2,1,1,0,,,,,,,,
2213,2,2,0,0,,,,,,,,
2214,2,0,2,0,321,-0.005116,0.152574,0.487534,0.0032,0.000000,,
2215,2,0,2,0,,,,,,,,
2216,2,1,1,0,,,,,,,,
2217,2,2,0,0,406,0.005125,0.130157,0.476103,0.0018,0.000000,,
2218,2,1,1,0,,,,,,,,
2219,2,1,1,0,,,,,,,,
2220,2,1,1,0,286,0.027602,0.113614,0.523061,0.0206,0.000000,0.9000,20
2221,2,1,1,0,,,,,,,,
2222,2,2,0,0,,,,,,,,
2223,2,1,1,0,358,-0.016703,0.092023,0.453373,0.0124,0.000000,,
2224,2,2,0,0,,,,,,,,
2225,2,2,0,0,,,,,,,,
2226,2,2,0,0,431,-0.005451,0.037293,0.498213,0.0064,0.000000,,
2227,2,2,0,0,,,,,,,,
2228,2,1,1,0,,,,,,,,
2229,2,2,0,0,390,0.009790,0.070358,0.508260,0.0025,0.000000,,
2230,2,1,1,0,,,,,,,0.8500,20
2231,2,1,1,0,,,,,,,,
2232,2,0,2,0,339,-0.006477,0.174488,0.460932,0.0007,0.000000,,
2233,2,0,2,0,,,,,,,,
2234,2,2,0,0,,,,,,,,
2235,2,1,1,0,375,0.009886,0.110426,0.517823,0.0014,0.000000,,
2236,2,1,1,0,,,,,,,,
2237,2,1,1,0,,,,,,,,
2238,2,1,1,0,402,0.001808,0.110813,0.479119,0.0000,0.000000,,
2239,2,2,0,0,,,,,,,,
2240,2,2,0,0,,,,,,,0.8500,20
2241,2,1,1,0,428,-0.001860,0.116449,0.525984,0.0010,0.000000,,
2242,2,0,2,0,,,,,,,,
2243,2,2,0,0,,,,,,,,
2244,2,2,0,0,358,0.012597,0.081535,0.523786,0.0105,0.000000,,
2245,2,1,1,0,,,,,,,,
2246,2,1,1,0,,,,,,,,
2247,2,1,1,0,369,-0.031587,0.093409,0.513531,0.0119,0.000000,,
2248,2,1,1,0,,,,,,,,
2249,2,2,0,0,,,,,,,,
2250,2,1,1,0,338,-0.000944,0.141311,0.439912,0.0059,0.000000,0.8500,20
2251,2,2,0,0,,,,,,,,
2252,2,1,1,0,,,,,,,,
2253,2,0,2,0,292,0.025133,0.170145,0.444381,0.0053,0.000000,,
2254,2,1,1,0,,,,,,,,
2255,2,1,1,0,,,,,,,,
2256,2,2,0,0,320,0.033233,0.121661,0.402282,0.0169,0.000000,,
2257,2,1,1,0,,,,,,,,
2258,2,1,1,0,,,,,,,,
2259,2,0,2,0,321,0.035228,0.165837,0.435660,0.0026,0.000000,,
2260,2,1,1,0,,,,,,,0.9000,20
2261,2,2,0,0,,,,,,,,
2262,2,0,2,0,360,-0.026405,0.076580,0.459285,0.0077,0.000000,,
2263,2,1,1,0,,,,,,,,
2264,2,0,2,0,,,,,,,,
2265,2,1,1,0,427,0.002662,0.083867,0.505237,0.0042,0.000000,,
2266,2,1,1,0,,,,,,,,
2267,2,0,2,0,,,,,,,,
2268,2,1,1,0,309,0.005967,0.160323,0.603528,0.0000,0.000000,,
2269,2,2,0,0,,,,,,,,
2270,2,1,1,0,,,,,,,0.9500,20
2271,2,2,0,0,455,-0.003341,0.091570,0.453286,0.0015,0.000000,,
2272,2,0,2,0,,,,,,,,
2273,2,2,0,0,,,,,,,,
2274,2,1,1,0,369,-0.001881,0.086228,0.436300,0.0007,0.000000,,
2275,2,1,1,0,,,,,,,,
2276,2,1,1,0,,,,,,,,
2277,2,1,1,0,372,-0.009145,0.104439,0.459214,0.0000,0.000000,,
2278,2,1,1,0,,,,,,,,
2279,2,0,2,0,,,,,,,,
2280,2,2,0,0,332,0.014637,0.057015,0.512398,0.0028,0.000000,0.7500,20
2281,2,1,1,0,,,,,,,,
2282,2,0,2,0,,,,,,,,
2283,2,0,2,0,273,-0.101702,0.141218,0.441647,0.0007,0.000000,,
2284,2,2,0,0,,,,,,,,
2285,2,0,2,0,,,,,,,,
2286,2,0,2,0,247,-0.001398,0.066639,0.432699,0.0000,0.000000,,
2287,2,2,0,0,,,,,,,,
2288,2,1,1,0,,,,,,,,
2289,2,1,1,0,407,0.002057,0.137339,0.498251,0.0018,0.000000,,
2290,2,2,0,0,,,,,,,0.9500,20
2291,2,1,1,0,,,,,,,,
2292,2,1,1,0,325,0.007199,0.070404,0.503733,0.0013,0.000000,,
2293,2,1,1,0,,,,,,,,
2294,2,2,0,0,,,,,,,,
2295,2,1,1,0,409,-0.022217,0.100793,0.491259,0.0028,0.000000,,
2296,2,2,0,0,,,,,,,,
2297,2,1,1,0,,,,,,,,
2298,2,0,2,0,354,-0.020782,0.101173,0.445838,0.0000,0.000000,,
2299,2,1,1,0,,,,,,,,
2300,2,2,0,0,,,,,,,0.9500,20
2301,2,2,0,0,421,0.013038,0.091506,0.512666,0.0010,0.000000,,
2302,2,2,0,0,,,,,,,,
2303,2,2,0,0,,,,,,,,
2304,2,1,1,0,376,0.000238,0.060605,0.448825,0.0055,0.000000,,
2305,2,1,1,0,,,,,,,,
2306,2,1,1,0,,,,,,,,
2307,2,2,0,0,370,0.007636,0.109563,0.465906,0.0036,0.000000,,
2308,2,2,0,0,,,,,,,,
2309,2,2,0,0,,,,,,,,
2310,2,2,0,0,391,-0.012146,0.019557,0.494886,0.0012,0.000000,0.9500,20
2311,2,1,1,0,,,,,,,,
2312,2,1,1,0,,,,,,,,
2313,2,2,0,0,336,0.025633,0.112060,0.430695,0.0000,0.000000,,
2314,2,2,0,0,,,,,,,,
2315,2,2,0,0,,,,,,,,
2316,2,2,0,0,418,-0.010069,0.021605,0.477447,0.0000,0.000000,,
2317,2,1,1,0,,,,,,,,
2318,2,1,1,0,,,,,,,,
2319,2,1,1,0,368,-0.019288,0.084359,0.490942,0.0015,0.000000,,
2320,2,2,0,0,,,,,,,0.7500,20
2321,2,0,2,0,,,,,,,,
2322,2,1,1,0,338,0.001251,0.057600,0.465366,0.0007,0.000000,,
2323,2,1,1,0,,,,,,,,
2324,2,1,1,0,,,,,,,,
2325,2,1,1,0,438,-0.011123,0.097805,0.477755,0.0009,0.000000,,
2326,2,1,1,0,,,,,,,,
2327,2,1,1,0,,,,,,,,
2328,2,2,0,0,404,-0.014409,0.119982,0.464323,0.0060,0.000000,,
2329,2,0,2,0,,,,,,,,
2330,2,1,1,0,,,,,,,0.8500,20
2331,2,0,2,0,397,0.015059,0.158198,0.464373,0.0055,0.000000,,
2332,2,1,1,0,,,,,,,,
2333,2,1,1,0,,,,,,,,
2334,2,1,1,0,339,0.009596,0.084254,0.461454,0.0059,0.000000,,
2335,2,1,1,0,,,,,,,,
2336,2,1,1,0,,,,,,,,
2337,2,0,2,0,356,0.026410,0.102382,0.491505,0.0040,0.000000,,
2338,2,1,1,0,,,,,,,,
2339,2,2,0,0,,,,,,,,
2340,2,1,1,0,391,-0.007249,0.088141,0.474692,0.0038,0.000000,0.9500,20
2341,2,1,1,0,,,,,,,,
2342,2,0,2,0,,,,,,,,
2343,2,0,2,0,361,-0.015529,0.071446,0.463794,0.0029,0.000000,,
2344,2,2,0,0,,,,,,,,
2345,2,1,1,0,,,,,,,,
2346,2,0,2,0,390,0.002505,0.148360,0.408940,0.0007,0.000000,,
2347,2,1,1,0,,,,,,,,
2348,2,2,0,0,,,,,,,,
2349,2,2,0,0,403,-0.009499,0.137330,0.499878,0.0013,0.000000,,
2350,2,2,0,0,,,,,,,0.7500,20
2351,2,1,1,0,,,,,,,,
2352,2,0,2,0,321,-0.006628,0.177638,0.451353,0.0071,0.000000,,
2353,2,1,1,0,,,,,,,,
2354,2,2,0,0,,,,,,,,
2355,2,1,1,0,414,-0.000360,0.124843,0.489075,0.0115,0.000000,,
2356,2,1,1,0,,,,,,,,
2357,2,1,1,0,,,,,,,,
2358,2,1,1,0,364,-0.004384,0.106652,0.465916,0.0013,0.000000,,
2359,2,2,0,0,,,,,,,,
2360,2,1,1,0,,,,,,,0.8500,20
2361,2,1,1,0,312,-0.047428,0.129991,0.490403,0.0000,0.000000,,
2362,2,2,0,0,,,,,,,,
2363,2,2,0,0,,,,,,,,
2364,2,2,0,0,380,-0.000097,0.053819,0.496589,0.0013,0.000000,,
2365,2,2,0,0,,,,,,,,
2366,2,2,0,0,,,,,,,,
2367,2,1,1,0,368,0.029427,0.046340,0.496078,0.0013,0.000000,,
2368,2,1,1,0,,,,,,,,
2369,2,1,1,0,,,,,,,,
2370,2,0,2,0,359,-0.006210,0.135416,0.474899,0.0039,0.000000,0.8500,20
2371,2,1,1,0,,,,,,,,
2372,2,1,1,0,,,,,,,,
2373,2,0,2,0,375,-0.013849,0.139960,0.473363,0.0000,0.000000,,
2374,2,1,1,0,,,,,,,,
2375,2,2,0,0,,,,,,,,
